Date,Temperature,W_speed,W_direction,Humidity,Tianjin,Weihai,Seoul
20140101,4,3.7,270,51.3,136,116,125
20140102,1.5,2,290,35.4,216,80,56
20140103,2.3,2.5,50,54.4,102,67,59
20140104,-0.1,2.4,270,47.1,74,30,51
20140105,-0.8,1.9,270,48.4,114,77,45
20140106,0.8,1.6,50,50.4,114,130,69
20140107,3,1.7,20,56,113,98,85
20140108,0.5,3.3,290,56.6,55,40,71
20140109,-7.8,3.6,290,26.3,74,50,22
20140110,-4.7,2,270,48.6,168,75,35
20140111,-1.7,1.9,290,44.1,391,129,52
20140112,-2.4,3.4,320,43.5,70,75,63
20140113,-6.2,2.9,290,26,109,46,34
20140114,-4.3,2.2,270,33.8,154,67,46
20140115,-2.9,1.7,270,42,332,142,56
20140116,0.1,1.9,50,59.9,221,145,110
20140117,-0.1,1.6,270,55.9,126,122,120
20140118,-2.2,3.1,290,42.4,222,68,64
20140119,-2.6,1.9,20,44.8,239,66,50
20140120,-1.5,3.2,70,83.3,73,113,66
20140121,-5.5,2.4,290,62.6,47,32,115
20140122,-3.9,1.6,290,60,124,57,95
20140123,-0.8,2.1,50,65.6,142,71,57
20140124,3,2.6,50,64.4,201,64,62
20140125,4.2,2.4,290,74.4,106,66,49
20140126,-2.1,2.7,290,42.1,67,44,38
20140127,0.2,2.6,50,48,156,31,41
20140128,1.5,2.9,290,52.8,91,49,32
20140129,2.2,2.2,50,40.1,133,44,40
20140130,4,3,270,66.1,155,84,31
20140131,1.3,2.2,70,26.1,210,65,23
20140201,4.9,3.4,70,63.8,67,45,24
20140202,4.9,2,270,91.6,109,58,21
20140203,-3.5,4.3,320,38.5,56,50,70
20140204,-7.4,3.4,290,25.9,58,37,44
20140205,-4.8,2,270,27.5,66,24,47
20140206,-1.3,1.7,20,29.8,72,35,46
20140207,2.4,4.8,270,47.3,69,45,15
20140208,0.2,4.3,290,79.4,75,50,12
20140209,-1.6,2.7,290,76.5,25,48,22
20140210,-0.1,2.5,70,55,59,39,24
20140211,0.2,3.2,70,42.1,79,48,18
20140212,1.2,2.5,70,49.3,155,77,22
20140213,1.9,2.2,70,46.1,106,57,23
20140214,2.7,3.1,70,47.3,249,58,18
20140215,2.7,2.7,50,54.6,206,76,30
20140216,2.8,1.7,50,53.3,180,75,58
20140217,4.2,2,50,45.5,74,51,82
20140218,2.5,3.5,50,45.9,75,43,23
20140219,2.1,2.6,50,48.6,85,70,31
20140220,1.2,2.8,270,61.5,106,60,65
20140221,0.9,2.6,270,49.1,206,77,65
20140222,2.2,2.1,290,49.3,192,146,97
20140223,3.1,2.1,290,50.6,134,99,107
20140224,4.1,2.3,290,58,281,103,164
20140225,5.7,2,270,59.9,291,104,179
20140226,8.4,1.9,50,44.9,248,125,132
20140227,7.7,2.8,270,55.4,53,74,116
20140228,6.7,2.3,70,58.8,68,53,115
20140301,6,2.6,270,61.1,96,64,94
20140302,4.5,3,290,46.4,197,72,35
20140303,5.2,2,290,34.4,167,82,60
20140304,6.3,2.9,270,48,99,74,86
20140305,1.4,4.4,290,44.8,86,45,61
20140306,0.3,3.6,290,43.4,64,55,36
20140307,-0.6,3.8,270,45.9,95,47,34
20140308,2,2.5,270,55,173,78,45
20140309,1.4,3.6,290,56.4,103,63,40
20140310,1.5,3,270,50.4,160,47,42
20140311,4.5,2.8,250,65,239,83,52
20140312,6.9,1.5,20,75.8,87,66,40
20140313,5.2,4,70,54.5,74,61,45
20140314,3.4,3.6,270,54.6,85,67,63
20140315,6.8,4,230,66.8,207,118,102
20140316,11.3,2.3,230,68.3,163,116,100
20140317,12.6,3.5,230,79,264,116,63
20140318,10.5,3.5,270,75.3,207,135,141
20140319,9.6,2.9,70,65.5,91,84,131
20140320,6.3,3.2,290,71.3,59,85,70
20140321,5.9,3.4,270,52.5,98,75,33
20140322,8.6,2.5,250,63.5,197,94,60
20140323,9.6,3,250,63.6,182,111,83
20140324,10.9,3.5,230,60.5,128,55,54
20140325,14.6,2.7,230,75.9,158,74,58
20140326,15.4,2.8,250,64.6,180,97,67
20140327,13.5,2.8,250,68.9,183,149,93
20140328,16.6,2.6,250,57.3,216,68,115
20140329,15,2.5,70,73.4,123,57,51
20140330,14.9,3.1,70,63.5,122,119,39
20140331,14.5,2.3,270,49.3,184,138,70
20140401,15.6,2.4,250,33.8,119,68,77
20140402,15.5,2.7,270,30,148,79,66
20140403,10.2,3.1,270,63,125,84,60
20140404,6.6,3.4,290,52.6,135,78,29
20140405,6.2,3,270,60.5,119,63,45
20140406,7.4,4,250,50.6,129,86,44
20140407,10.3,3.4,230,64.9,125,87,70
20140408,11.9,2.6,270,60.9,160,65,51
20140409,10.3,3,270,85.3,192,71,69
20140410,12.5,2.4,250,71.5,257,67,63
20140411,13.6,2.8,270,69.5,103,77,69
20140412,14.3,1.7,290,68.8,138,70,77
20140413,17.2,2.2,70,54.9,153,77,75
20140414,16.3,2.7,270,53.3,138,103,71
20140415,12.9,3.2,270,80.1,116,115,79
20140416,14,1.8,230,81,129,92,158
20140417,14.7,1.9,50,67.4,126,50,92
20140418,15.9,2.6,50,59.9,86,61,64
20140419,14,4.5,70,56,87,79,47
20140420,14.6,3.4,70,54.4,86,90,42
20140421,15.1,3,290,55.1,135,84,56
20140422,16,2.8,270,43.1,118,94,60
20140423,17.2,2.5,290,49.4,106,110,92
20140424,18.6,2,270,49,91,65,114
20140425,19,2.2,50,32.5,105,64,67
20140426,18.7,2.4,270,38.9,62,58,54
20140427,15.6,2.3,50,86.6,86,27,26
20140428,13.6,4.6,70,91.6,76,41,13
20140429,15,4,50,69.5,92,60,18
20140430,16.1,2.1,50,62.1,86,68,28
20140501,16,3.2,250,60.5,106,81,56
20140502,15.7,3.6,230,70.9,60,77,83
20140503,13.1,3.9,270,54.6,100,56,30
20140504,12.3,3.8,230,57.8,88,65,45
20140505,11.3,5.1,250,56.5,72,54,42
20140506,13.1,3.4,230,45.9,90,79,45
20140507,15.7,3.8,50,48.3,101,70,49
20140508,14.5,4.2,250,83.9,75,57,34
20140509,16.8,2,270,60.8,84,67,47
20140510,20.5,2.1,70,43.4,65,54,41
20140511,18.9,3.4,70,54.4,21,38,34
20140512,16.4,5.2,230,79.1,47,54,43
20140513,19.2,4,250,69.9,87,70,94
20140514,19.6,3.5,270,59.1,64,83,80
20140515,18.2,4,270,66.9,110,75,53
20140516,19,2.9,270,50.3,113,102,56
20140517,20,2.3,290,48,71,73,61
20140518,20.3,2.4,250,50.1,82,61,53
20140519,20,2.3,270,55.1,116,65,61
20140520,21.5,2.2,270,45.4,107,63,75
20140521,20.1,3.7,270,65.3,125,78,60
20140522,20.9,2.5,270,63.4,109,116,53
20140523,22,2.9,230,68.4,103,99,73
20140524,21.3,2.3,270,68.8,77,46,68
20140525,20.5,2.4,160,78.9,102,45,49
20140526,19.4,4,250,67.4,69,107,89
20140527,22.8,4.2,230,49.5,121,127,170
20140528,24,2.5,270,60.8,64,75,184
20140529,23.2,2.8,250,54.6,84,82,135
20140530,24.8,2.1,290,42.5,128,195,79
20140531,26.2,2.6,250,50.3,136,133,117
20140601,24.7,1.9,270,58.1,82,89,93
20140602,22.6,2.2,70,73.5,50,54,85
20140603,18.7,3.5,70,95.3,62,41,25
20140604,22.8,4.3,70,61.5,81,40,21
20140605,22.9,2.9,70,58.8,71,55,18
20140606,24.4,2.4,50,58.9,99,65,28
20140607,23.5,2.4,270,65.1,37,40,37
20140608,21.4,3,250,75.3,80,38,32
20140609,22.9,2.3,290,70.8,72,52,42
20140610,23.6,2.1,70,72,73,50,35
20140611,20.5,1.9,20,87.1,75,52,38
20140612,21.2,2.8,50,73.9,77,58,42
20140613,21.3,2.9,230,79,80,45,53
20140614,22.5,3.3,270,71.6,57,54,41
20140615,23.2,3.3,270,69.9,101,74,42
20140616,23.9,2.5,270,66.4,96,100,39
20140617,24.5,1.9,250,71.8,89,98,77
20140618,24.4,3,270,71.3,105,59,60
20140619,22.5,3.5,250,79.3,85,63,50
20140620,24.2,1.6,290,76.5,60,51,52
20140621,23.1,2.7,70,80.9,58,53,23
20140622,23.7,1.8,50,74.4,66,59,22
20140623,21,1.4,50,91.4,50,65,30
20140624,22.9,2.4,250,74.6,73,59,37
20140625,23.8,2.3,270,74.1,92,61,52
20140626,24.4,2.4,270,68,98,62,45
20140627,24.1,2.8,270,74.8,50,51,34
20140628,23.8,3.8,270,71.6,62,58,38
20140629,24.1,2.1,200,70.3,104,43,33
20140630,25.3,2.7,270,68,87,57,37
20140701,26,2.1,270,67.8,105,95,44
20140702,25.7,2.5,290,77.3,72,79,78
20140703,22.6,2.8,50,85.5,102,63,22
20140704,26.8,2.4,70,62.1,108,72,19
20140705,25.7,2.1,270,70.4,96,48,32
20140706,25.7,2.1,140,65.8,87,37,26
20140707,27.1,2.3,270,61.4,80,47,38
20140708,25.9,1.9,270,73,100,42,29
20140709,27.6,2.2,70,78.3,66,43,22
20140710,28.9,2.9,290,57.9,69,71,35
20140711,27.1,4,250,63.4,107,78,63
20140712,25.3,3.2,230,74.3,96,74,77
20140713,25.4,3.3,250,73.4,75,79,56
20140714,26.4,3.3,250,70.8,92,85,81
20140715,26.8,2.4,230,69.4,64,82,91
20140716,26.6,2.7,270,68.4,85,70,51
20140717,25.9,3.1,250,75.9,66,57,23
20140718,26.1,2.6,230,80.5,85,67,18
20140719,27,2.4,270,79.8,81,62,46
20140720,27.9,2.6,270,75.8,68,56,58
20140721,27.3,3,230,73.9,76,42,52
20140722,25.9,4.4,230,83.9,67,45,19
20140723,23.6,3.2,230,90,59,49,19
20140724,21.9,2,70,92.8,73,30,12
20140725,27.5,2.9,160,81.9,96,55,17
20140726,22.6,6.4,230,86.1,85,64,36
20140727,25,1.9,200,75,104,91,81
20140728,26.6,1.9,50,71.6,105,90,61
20140729,26.5,2.5,180,68.4,127,57,40
20140730,28.6,2.2,230,70.6,95,42,28
20140731,28.6,2.1,50,75.9,87,42,27
20140801,30.2,2.6,70,63.4,67,42,17
20140802,31.4,3.9,70,55,69,37,14
20140803,26.5,4.2,70,87.6,97,40,10
20140804,26.4,2.1,50,93,75,70,11
20140805,26.6,3.2,230,87.5,48,51,51
20140806,24.4,2.2,270,92.4,82,39,44
20140807,24.7,1.5,270,91.1,75,55,45
20140808,26.1,3.8,70,62.3,88,47,22
20140809,26.5,4.6,70,48.4,77,34,20
20140810,23.4,2.6,50,79.4,81,36,11
20140811,23.7,2.2,270,78.4,80,67,26
20140812,25.8,2.7,270,77.8,87,45,61
20140813,24.2,2.1,50,75.3,45,61,70
20140814,22.3,2,50,78.6,55,48,29
20140815,24.9,1.7,270,72.9,76,59,33
20140816,26.1,1.8,290,73.9,110,85,40
20140817,24,1.9,50,81.1,72,72,32
20140818,22.3,3.1,70,90,65,37,36
20140819,22.3,1.5,70,96.6,81,64,28
20140820,24.8,1.1,20,86,93,82,36
20140821,23.1,2.4,50,96.5,109,92,20
20140822,24.7,3.1,250,83.4,97,97,73
20140823,25.2,2.7,230,79.5,102,72,79
20140824,25.6,1.3,50,75.5,51,48,56
20140825,25.9,3,70,71.8,51,47,33
20140826,25.4,2.5,70,71.4,85,38,21
20140827,24.6,2.8,70,66.8,115,64,10
20140828,25.1,2.2,50,65.3,95,50,18
20140829,25.2,1.8,50,71.9,69,48,26
20140830,24.6,1.9,70,71.6,75,39,22
20140831,24.1,1.4,50,68.6,52,47,26
20140901,24.1,1.5,50,72.5,65,48,31
20140902,23.1,2.5,70,73.6,37,40,19
20140903,19.1,3.4,70,99.8,26,24,7
20140904,22.4,2.5,270,79.4,56,42,17
20140905,23.8,2.1,250,76,75,62,27
20140906,25.2,1.8,290,66.9,97,61,33
20140907,25.3,1.6,50,72.1,95,45,46
20140908,24.8,2.5,270,75,55,60,48
20140909,23.3,2.1,270,66.5,56,43,64
20140910,22.4,1.5,270,60.6,66,45,27
20140911,23.3,1.8,70,61.1,70,49,35
20140912,21.3,2.1,50,74.9,65,46,36
20140913,23.1,2.3,70,60.9,70,51,20
20140914,23,2.3,70,60.6,84,58,15
20140915,23.1,2.2,270,64.9,56,54,37
20140916,21.3,2.1,290,43.8,91,48,35
20140917,20.2,1.5,270,52.3,50,53,49
20140918,20.6,2,70,56.5,74,59,23
20140919,21.4,1.7,50,55,74,54,29
20140920,21.6,2,70,52.5,93,52,31
20140921,20.2,1.4,50,61.6,75,53,31
20140922,21.4,2,50,57.5,77,45,27
20140923,23,2.5,70,52.1,76,49,22
20140924,20.3,2.6,50,77.9,57,55,16
20140925,22.2,1.7,70,66.9,56,49,23
20140926,21,2.6,70,78.1,108,56,27
20140927,21.4,2.6,270,79,72,60,32
20140928,21.7,1.1,50,85.5,63,62,41
20140929,19.4,1.3,20,99,84,52,42
20140930,18.9,3.1,70,72.5,45,45,21
20141001,19.2,2.6,70,68.6,76,50,24
20141002,18.1,2.2,270,89,70,46,32
20141003,16.1,2.9,270,74.3,63,44,23
20141004,16.9,3.4,70,62,45,47,20
20141005,17.1,3.1,70,53.1,42,52,17
20141006,16.6,1.7,70,57,51,61,20
20141007,16.1,2.4,50,64.8,113,69,32
20141008,16.7,1.5,50,61.5,145,71,36
20141009,18.6,2,320,60.4,139,64,43
20141010,19,3.6,70,63.3,146,69,41
20141011,19.4,3.1,70,57.4,103,63,28
20141012,21.2,1.9,70,48.5,40,67,31
20141013,17.4,4.7,70,51.9,48,72,24
20141014,13.8,2.2,50,51.8,91,61,25
20141015,13.8,2.4,50,60.4,96,70,33
20141016,13.2,3.1,270,53.8,76,62,39
20141017,13.6,1.9,20,53.8,179,56,33
20141018,15.5,1.7,50,68.9,159,86,40
20141019,17,1.7,50,61,131,51,56
20141020,14.4,2.6,70,97.8,125,33,27
20141021,13.8,3.4,70,92.8,61,53,13
20141022,13.6,3,50,69,70,94,15
20141023,13.8,2.1,70,67.8,162,72,31
20141024,15.1,1.8,50,78,219,101,41
20141025,16.5,1.9,50,81.1,216,68,48
20141026,16,2.8,230,76.9,145,71,35
20141027,10.7,3,270,35.3,62,79,45
20141028,10.2,1.4,270,43.4,60,59,60
20141029,12.1,1.7,50,46.4,115,57,58
20141030,14.2,1.5,50,45.8,123,47,63
20141031,15,2.4,70,62.1,118,46,45
20141101,17.3,2.2,270,63.4,89,86,38
20141102,12,4.8,270,50.5,48,47,58
20141103,9.3,3.1,270,40.9,76,49,39
20141104,11.3,1.9,270,60.5,100,64,30
20141105,12.4,1.9,270,65.6,89,79,30
20141106,13.5,2.1,290,61,46,72,56
20141107,9.8,1.9,270,52.5,55,51,50
20141108,9.9,1.4,20,61.9,66,56,58
20141109,10,2.3,290,46.3,95,71,57
20141110,9.4,1.7,50,49.9,124,110,54
20141111,9.4,1.9,50,67.4,85,123,67
20141112,6,5.4,270,50.6,59,57,44
20141113,-0.2,3.7,290,38.5,59,51,88
20141114,4.2,2.2,20,54,75,56,31
20141115,4.1,2.1,290,38.3,95,58,36
20141116,6.6,1.6,20,42.6,64,66,44
20141117,6.2,2.3,320,75.5,47,64,38
20141118,5,2.2,290,53.4,120,76,38
20141119,5.6,1.6,50,55.4,118,65,52
20141120,7.9,1.8,50,61.9,162,58,60
20141121,11.3,2.8,50,62.5,409,120,56
20141122,11,1.9,200,90.9,77,130,47
20141123,9,2,50,80,126,68,63
20141124,9.8,1.3,50,59.8,103,65,67
20141125,10.2,4.2,70,56,72,52,26
20141126,11,2.8,70,58.8,253,62,29
20141127,10.4,1.9,50,69.9,186,90,45
20141128,8.8,3.7,70,88,105,44,25
20141129,8.3,2.1,70,83.9,143,66,19
20141130,9.1,3.2,70,88.1,199,58,13
20141201,-1.1,6.1,290,58.8,114,126,54
20141202,-5.4,4.6,270,42.3,66,44,102
20141203,-3.3,1.9,270,70.6,79,61,27
20141204,-4.6,2.7,290,43,58,48,50
20141205,-6.6,3.6,290,45.5,63,33,34
20141206,-5.6,2.8,290,47.5,115,39,38
20141207,-3.4,1.6,50,43.9,77,45,48
20141208,-1.6,2.6,290,48.4,82,44,44
20141209,-2.4,1.5,290,44.1,125,56,54
20141210,1.6,1.9,200,58.8,143,67,47
20141211,-1.5,3.4,290,64.8,49,63,52
20141212,-3.8,2,270,70.4,65,59,42
20141213,-5.2,3.2,290,45.8,87,42,33
20141214,-3.6,1.5,50,60.5,115,68,35
20141215,-0.1,2.8,70,90.6,147,102,45
20141216,-4.9,4.9,290,58.9,56,43,35
20141217,-9,4.9,290,41,88,34,25
20141218,-8.3,2.3,270,39.9,164,47,31
20141219,-3.8,3.4,70,54.5,171,72,42
20141220,-1.7,3.8,290,66,40,44,33
20141221,-6.4,2.2,290,58.5,53,42,21
20141222,-4.7,2.2,50,64.6,124,84,33
20141223,-1.3,2.6,50,67.1,148,92,41
20141224,1.7,2.8,20,66.8,64,68,56
20141225,-2.6,2.5,270,52,84,48,36
20141226,-3.2,1.9,270,45.6,92,44,42
20141227,-1.8,1.7,20,46.8,231,60,47
20141228,-0.8,2.2,50,64.1,322,120,53
20141229,2.9,2.3,50,73.1,82,22,115
20141230,1.9,2.6,270,62.8,82,22,113
20141231,-1.9,3.8,290,47.4,82,22,45
20150101,-7.7,4.6,290,41.4,82,22,66
20150102,-6,3.2,270,45.9,81,39,36
20150103,-2.7,1.9,230,56.1,172,52,41
20150104,2.5,2,50,70.1,312,163,46
20150105,3.7,2.4,70,73.1,151,137,74
20150106,-3.2,4.3,290,52.4,67,53,44
20150107,-5.5,2.5,270,33.1,105,42,42
20150108,-5.1,2.2,270,45.8,166,54,48
20150109,-2.1,2,270,58.3,141,111,50
20150110,-0.3,2.3,270,56.5,189,66,41
20150111,-0.4,3.6,290,57.8,84,67,49
20150112,-2.7,1.8,270,37.8,60,37,48
20150113,0.2,1.8,50,39.6,125,45,56
20150114,2.5,1.5,20,41.1,207,52,72
20150115,2.8,2.1,270,53.6,170,78,66
20150116,0.8,4,250,73,85,85,82
20150117,-4.1,3.8,270,46,49,59,39
20150118,-1.3,2.3,50,68.4,114,89,36
20150119,-0.1,3.2,270,68.1,69,63,65
20150120,-0.9,1.9,50,55.8,118,58,49
20150121,2.6,2,70,58.3,84,51,60
20150122,3.1,1.5,270,60.6,86,52,47
20150123,1.2,2.6,50,66.4,132,72,44
20150124,3.7,1.8,290,62.9,127,92,55
20150125,3,3.5,70,78.4,81,60,62
20150126,3.6,2.6,270,87.5,140,71,44
20150127,-3.6,3.7,290,55.4,28,44,54
20150128,-4.1,2.3,70,49.3,79,44,48
20150129,-1.1,2.3,70,56.4,67,49,52
20150130,-3.3,3.8,290,51.8,32,53,45
20150131,-4.5,2.6,270,46.4,46,41,46
20150201,-3,1.9,290,44.9,118,49,33
20150202,-0.6,1.5,20,47.3,108,66,48
20150203,0.6,2.1,20,54.5,136,95,62
20150204,0.4,2,270,64.5,44,104,80
20150205,-0.1,3,270,57.1,52,42,90
20150206,0.4,2.2,290,57.3,110,60,57
20150207,1.2,2.6,250,65.3,86,89,50
20150208,-9.8,5.3,290,34.1,39,64,108
20150209,-5.7,3.1,270,54.6,95,60,45
20150210,1.7,2.8,250,69,122,105,96
20150211,2.7,2.5,270,60.3,107,84,89
20150212,-2.2,4.2,270,36.8,60,51,44
20150213,-1.6,3.1,270,46.4,96,52,36
20150214,2,2.2,20,72.9,177,93,58
20150215,7.9,2.9,70,61.6,136,74,76
20150216,5,3.5,70,91.9,112,135,44
20150217,1.9,3.5,290,78.5,67,82,64
20150218,0.8,2.5,270,72,90,56,62
20150219,2.2,1.6,290,67.1,132,58,62
20150220,5.2,2,50,55.3,73,51,53
20150221,5.7,3.4,70,79,169,42,27
20150222,3.5,4.1,270,78,267,308,238
20150223,0.9,3,270,60.4,102,94,590
20150224,2.1,2.3,270,60,149,82,104
20150225,5.4,2.9,50,48.6,110,98,73
20150226,1.2,4.9,270,56.9,61,52,39
20150227,-1.3,3.2,270,35.6,50,44,34
20150228,2.7,2,70,40.5,68,50,46
20150301,2.4,3.7,270,56.8,110,148,93
20150302,3.9,2.8,230,43.5,110,95,88
20150303,2.8,3.4,200,69.5,79,81,54
20150304,-2.1,5.3,270,43.4,54,52,48
20150305,-0.3,1.9,290,41.1,82,52,46
20150306,2.9,2.3,270,37.8,122,52,48
20150307,4.2,2.3,270,45.5,120,69,51
20150308,7.7,1.8,50,42.5,133,60,77
20150309,2.2,5.4,290,43.4,56,70,72
20150310,-3.4,5.9,290,30.6,67,66,38
20150311,0.4,4.5,250,45.1,80,70,46
20150312,2.1,4,250,41,96,61,38
20150313,5.6,3,270,45.4,85,69,48
20150314,4.3,2.3,250,31.4,94,66,40
20150315,5.5,2.2,270,42,147,118,44
20150316,9.8,2,270,44.4,157,88,87
20150317,10.7,1.8,50,51.9,124,55,118
20150318,10.7,4,70,61.5,85,68,72
20150319,12.4,2.5,70,50.9,176,101,57
20150320,13.4,2.5,270,32.5,174,160,98
20150321,11.7,2.7,250,31,112,174,154
20150322,8.3,4.2,270,33.3,141,219,130
20150323,4.6,4.2,290,24.3,81,67,60
20150324,5.4,2.6,250,32.8,103,58,48
20150325,6.5,2.5,270,45.9,95,65,46
20150326,7.9,3.1,270,47.5,81,79,48
20150327,9.1,2.6,270,50.5,78,68,59
20150328,9.7,2.8,270,35,373,71,48
20150329,10.5,2.5,270,61.9,327,92,68
20150330,13.2,2.6,270,57.4,174,91,138
20150331,12.9,2.2,70,80.6,88,51,98
20150401,12.9,4.1,70,67.9,65,55,25
20150402,14.8,5,70,70.5,57,40,25
20150403,10.6,2.8,270,83.4,63,51,35
20150404,13.5,4.3,70,48,90,74,16
20150405,10.5,2.5,70,75.1,82,58,16
20150406,10.3,2.7,290,55.8,42,71,58
20150407,8.4,2.6,50,59.5,62,51,43
20150408,8.3,2.9,70,52.5,83,53,30
20150409,9.6,2.3,50,43,91,54,52
20150410,11.6,2.8,270,40.5,117,64,57
20150411,13.5,2.5,270,39.3,137,72,68
20150412,14.9,2.9,70,30.6,68,69,50
20150413,12,5.9,70,53.9,65,65,28
20150414,6.9,2.7,50,89.9,95,75,20
20150415,11.1,2.9,250,72,156,84,43
20150416,9.9,3.6,250,69.5,154,87,76
20150417,10.5,3.7,230,45.4,97,94,72
20150418,15.2,1.9,70,31.9,132,73,61
20150419,14.5,3.7,70,74.8,84,73,32
20150420,12.2,3.2,50,75.3,92,95,14
20150421,14,2.9,270,46,92,84,46
20150422,14.2,3,270,47,71,79,71
20150423,14.5,3.5,230,41.1,92,81,64
20150424,15.7,3.2,270,38.3,100,106,70
20150425,15.9,2.7,270,31.3,116,91,65
20150426,17.3,3.3,50,37.6,85,97,48
20150427,18.5,2.8,250,39.3,90,81,60
20150428,20.3,2.1,70,38.6,70,58,47
20150429,17,2.9,70,77,74,53,46
20150430,21.2,2.2,70,56.6,128,62,31
20150501,21,2.5,270,58.8,89,41,44
20150502,20.7,2.1,250,64.4,53,46,38
20150503,18.3,2.1,50,90.4,76,53,26
20150504,16.1,4.2,270,45.9,54,80,54
20150505,14.2,3.4,250,37.9,87,84,42
20150506,15.4,2.4,230,36.3,127,79,48
20150507,16.5,2.6,50,35.6,82,74,45
20150508,16.7,2.5,250,64.3,91,75,55
20150509,17.6,3,270,55,32,56,43
20150510,19.1,2.3,270,39.6,49,57,42
20150511,18.4,3,90,62.1,46,48,44
20150512,13.3,6.4,230,75.9,57,52,38
20150513,17.4,5.3,230,56.9,83,77,64
20150514,20.4,3.3,230,63.8,75,95,56
20150515,19.1,2.7,270,71,74,73,91
20150516,18,3,250,41.3,68,65,55
20150517,18.6,2.2,290,40.4,89,82,54
20150518,17.7,3.2,50,53.9,62,71,45
20150519,14.8,3.6,230,88.9,70,104,48
20150520,16.3,3.1,270,60,38,52,44
20150521,18.7,3.7,230,50.1,59,60,44
20150522,20,2.9,270,45.3,67,58,54
20150523,20.6,2.5,250,38.5,86,46,46
20150524,21,2.4,270,37.3,83,57,32
20150525,20.8,2.7,250,53.1,82,60,45
20150526,21.5,2.7,270,48.9,87,54,44
20150527,23.2,2,270,32.9,90,47,40
20150528,24.3,2.2,270,27.1,77,59,42
20150529,23.8,2.5,270,36.8,77,52,48
20150530,19.8,2.9,270,71,69,47,41
20150531,22.1,2.2,250,52.8,83,56,44
20150601,21.7,2.6,270,44.6,82,42,40
20150602,23.1,2.7,270,46.9,63,56,40
20150603,23.3,3.8,290,33.3,59,70,44
20150604,24.2,2.6,270,28.9,74,60,42
20150605,19.1,1.7,160,58.8,70,58,36
20150606,22.4,2.3,50,50.4,76,101,32
20150607,23.4,2.3,270,46.8,44,64,31
20150608,22.4,2.3,270,54.9,48,48,38
20150609,22.2,2.9,270,66.3,79,59,46
20150610,25.3,2.2,290,54.3,82,48,48
20150611,24.6,2.8,160,59.6,44,38,39
20150612,23.6,3.8,230,63.1,35,64,44
20150613,24.7,3.2,230,61.9,51,74,70
20150614,22.8,2.7,290,70.3,41,72,34
20150615,24.2,2.2,290,65.6,57,69,40
20150616,25,2.4,250,65.9,75,74,47
20150617,23.4,2.6,50,72.8,117,88,38
20150618,24.8,2.7,70,59.4,57,76,28
20150619,24.5,2.9,70,57.8,52,72,23
20150620,19.6,1.8,50,91,46,46,40
20150621,22.4,2,250,69.1,70,60,20
20150622,24,2.4,270,60.4,102,50,32
20150623,24.7,2.3,270,64.1,120,56,34
20150624,25.7,2.5,270,58.3,91,47,40
20150625,24.8,2.1,50,65.1,89,49,40
20150626,21,3.3,50,75.8,71,47,12
20150627,25.2,2.2,50,55.3,61,59,11
20150628,25.4,2.6,270,61.8,75,50,23
20150629,25.7,2.8,270,61.8,68,42,25
20150630,24.4,1.7,270,70,25,52,31
20150701,23.7,3.8,250,66.3,55,59,34
20150702,23.7,4,230,64.5,26,60,48
20150703,23.3,3,270,62.6,48,45,40
20150704,24.1,2.2,50,55.8,41,57,32
20150705,24.2,2.3,270,57.4,50,49,34
20150706,25.3,2.2,270,54.3,62,52,30
20150707,25.6,2,50,52.1,57,51,34
20150708,23.4,4,70,69.8,63,47,11
20150709,26.5,2.9,70,61.3,61,43,11
20150710,29.2,1.9,70,60.9,60,39,20
20150711,30.4,2.1,50,60.3,111,48,28
20150712,24.8,4,70,94.1,104,35,11
20150713,23.1,5.2,230,90.8,97,71,27
20150714,26.1,3.5,230,72.4,95,63,62
20150715,27.9,2.9,70,58.8,109,72,48
20150716,24.7,5,70,51.3,74,65,12
20150717,23.6,3.6,70,49.8,53,47,11
20150718,24.3,2.2,70,63.5,62,53,29
20150719,25.1,1.8,50,77.4,75,46,24
20150720,27.5,2.4,70,71.4,59,48,20
20150721,27,1.6,270,81.6,80,49,24
20150722,27.7,1.8,270,76.9,56,38,34
20150723,26.9,2.1,230,81,69,41,28
20150724,24.7,2,230,96.9,72,44,14
20150725,25,3.2,230,95.1,64,49,18
20150726,26,2.6,230,85.5,88,77,17
20150727,26.2,2.3,290,86,101,69,30
20150728,27.7,2.7,250,74.4,82,54,34
20150729,26.7,2.6,200,82.9,146,72,36
20150730,28.6,3.5,230,76.4,52,53,66
20150731,27.9,2.7,200,74.3,50,44,56
20150801,28.2,3.1,230,72.8,61,50,48
20150802,26.5,2.7,230,84.3,77,63,34
20150803,27.9,3.8,200,71.5,60,69,30
20150804,27.5,4.5,230,73.3,48,59,26
20150805,28.6,3.7,230,67,74,61,32
20150806,29.3,2,270,64.5,79,57,34
20150807,28.9,1.4,50,71.3,72,55,42
20150808,26.6,2.1,50,79.1,71,45,36
20150809,26.7,2.1,20,74.4,106,47,19
20150810,27,2.3,270,72.1,125,54,28
20150811,26.8,2.1,270,73.6,104,69,56
20150812,27.3,2,20,67.5,93,55,50
20150813,26.5,1.9,50,68.6,86,89,43
20150814,26.9,2.4,290,66.4,71,100,41
20150815,27.1,1.9,50,70.4,82,71,60
20150816,25.8,2,50,74.9,92,78,67
20150817,26.6,2.2,50,61.5,91,79,24
20150818,27.9,2.5,70,59.9,87,77,21
20150819,26.8,1.8,50,70.3,75,57,36
20150820,25.4,1.7,50,75.5,88,53,36
20150821,25.2,2,270,78.3,61,63,30
20150822,25.5,2.5,230,69.8,78,51,38
20150823,26.3,1.7,50,65.5,67,54,36
20150824,26.3,3.8,70,60.6,55,50,29
20150825,21.7,3.2,50,76.4,46,36,6
20150826,21.9,2.9,320,68.4,49,41,11
20150827,24.7,3.1,250,61.1,45,44,22
20150828,23.2,1.7,50,69.4,51,49,28
20150829,24.4,1.7,270,65.8,48,55,32
20150830,24.9,1.6,20,65.9,46,52,32
20150831,25.9,1.9,70,62.9,41,55,33
20150901,25.9,3.4,70,59.4,23,42,24
20150902,23.9,2.1,70,72.8,33,39,27
20150903,23.9,2.3,270,75.1,52,46,26
20150904,24.8,2.2,270,68.5,51,54,33
20150905,21.9,2.1,70,79.8,22,50,32
20150906,22.2,3.7,70,60.4,35,39,13
20150907,22.6,2.4,70,52.9,57,32,12
20150908,22.7,3.2,70,43.6,66,43,12
20150909,22.4,2.9,50,42.9,74,39,16
20150910,22.4,2.4,270,62.3,39,52,30
20150911,21,2.1,270,76.4,23,45,40
20150912,19.2,1.9,270,60.4,24,41,21
20150913,20.2,2.6,290,54.1,60,53,21
20150914,22.1,1.6,50,61.1,75,65,33
20150915,22.8,2.2,50,48.5,95,53,26
20150916,21.6,2.5,70,45.5,88,57,16
20150917,21.4,3.1,70,46.4,76,56,12
20150918,21.9,2.4,70,52.1,91,60,18
20150919,22.3,2.4,270,58.3,76,64,32
20150920,22.1,2,290,69,57,57,48
20150921,22.6,1.5,20,62.1,64,53,48
20150922,23.9,1.8,70,48.4,95,46,42
20150923,22,1.7,50,57.9,86,46,40
20150924,23.4,1.9,20,56.4,112,49,38
20150925,23.4,2.5,70,56.5,47,71,36
20150926,22.4,1.8,270,54.5,70,51,48
20150927,21.9,1.9,50,39.4,82,51,35
20150928,21.4,1.6,90,39.6,50,54,32
20150929,22.1,2.3,70,36.6,47,46,24
20150930,21.3,2.6,90,45.3,50,50,18
20151001,16.3,3.6,70,77.5,39,40,16
20151002,16.5,3.7,230,53.5,70,56,32
20151003,19.2,3.8,230,49.4,64,77,43
20151004,16.6,1.8,50,38.9,81,43,28
20151005,18,1.9,20,49.4,170,49,30
20151006,18.7,1.9,20,57.5,100,53,32
20151007,19.6,1.4,290,67.5,91,45,44
20151008,20.1,2.3,270,61.1,48,53,54
20151009,16.2,3.7,270,43.8,62,56,34
20151010,12.8,2.2,70,70.9,34,42,22
20151011,10.8,2.4,230,72.6,44,42,16
20151012,12.3,2.7,290,56.5,57,40,18
20151013,15,2.5,250,66.4,76,61,32
20151014,17.1,1.6,290,64.6,115,91,50
20151015,17.9,1.8,50,62.1,93,94,59
20151016,17.5,1.8,270,71,111,98,66
20151017,18.7,1.7,50,64.8,141,72,60
20151018,17.9,1.3,270,65.1,100,66,70
20151019,18.1,2,70,67.4,61,67,90
20151020,18.8,1.6,270,69.5,77,108,89
20151021,17.9,1.6,270,72.5,60,98,104
20151022,17.5,2.2,70,64.8,36,55,74
20151023,17.5,2.4,230,69.1,50,72,52
20151024,16.9,2.5,320,64.4,66,85,36
20151025,16.3,2.1,70,51,60,55,30
20151026,15,2.4,70,66.8,51,58,33
20151027,12.1,3.2,290,69.3,67,84,36
20151028,9.9,2.5,270,49,51,56,32
20151029,8.4,2.4,250,50.4,44,48,24
20151030,5.4,2.6,290,41.8,50,43,30
20151031,5.7,2.1,290,42.5,95,44,31
20151101,7,1.6,50,48.4,139,70,41
20151102,10.8,1.6,250,60.5,124,74,51
20151103,11.8,1.4,290,67.6,102,70,68
20151104,12.2,1.6,270,62,111,60,81
20151105,13.2,1.7,20,63.9,113,52,72
20151106,13.5,4.7,70,63.9,29,58,49
20151107,10.5,6,70,91.5,24,41,12
20151108,11.1,5.2,70,90.6,64,88,5
20151109,10.8,2.1,290,87.6,82,98,12
20151110,10,1.8,270,80,91,66,48
20151111,11.6,1.6,70,72.4,94,67,41
20151112,14.5,2.8,70,63.5,116,69,18
20151113,11.5,4,70,83.8,109,58,12
20151114,12.8,1.4,70,97.3,120,46,11
20151115,13.4,1.8,270,84.5,113,70,19
20151116,12.2,2.8,70,85.1,53,51,27
20151117,13.9,1.8,290,69.6,78,65,18
20151118,10.4,5.1,70,70.6,51,62,12
20151119,8.9,2.6,70,72.8,62,75,16
20151120,9.8,1.5,320,72.6,38,63,36
20151121,9.2,1.8,290,55.9,39,61,48
20151122,10.2,2.4,70,66.5,38,52,30
20151123,8.5,3.3,70,80.9,30,51,9
20151124,5.6,3.1,70,69.5,49,43,26
20151125,2.4,2.7,70,86.8,64,37,13
20151126,-2.7,3.7,290,63.8,49,39,36
20151127,-2.8,2.6,290,59.1,94,52,40
20151128,0.1,2.1,50,70.8,129,64,47
20151129,2.5,3.3,70,87.9,211,79,40
20151130,4.1,2,290,69.1,335,51,44
20151201,4,1.9,50,57.8,204,42,54
20151202,6,3.2,270,71.4,153,85,52
20151203,-0.7,4.1,270,79.3,32,54,22
20151204,-0.4,2.8,270,63.9,55,51,43
20151205,3.4,3.1,250,51.4,76,57,35
20151206,1.3,1.2,290,46.4,71,42,34
20151207,1.9,1.8,290,51.1,85,52,50
20151208,2.9,1.3,290,55.9,155,65,61
20151209,5,2.3,110,57.4,239,58,66
20151210,7.8,2.3,110,74.8,208,56,42
20151211,6.4,3.4,70,56.5,55,56,33
20151212,5.2,2.6,20,50.1,81,61,29
20151213,5.2,1.4,20,50.5,96,66,40
20151214,5,2.2,20,75.6,143,81,44
20151215,4.7,2.8,270,69.8,60,79,55
20151216,-1,3.9,20,50.9,30,47,31
20151217,-4.6,2.7,50,43.4,52,49,20
20151218,-3.3,2.2,110,61.9,96,68,41
20151219,-0.1,1.7,140,66.3,65,68,62
20151220,1.5,1.5,90,56.9,117,56,54
20151221,2.2,2.5,110,76,370,157,50
20151222,3.1,2.4,110,67.9,327,166,58
20151223,5.9,2.1,160,59.6,267,171,52
20151224,1.5,2.3,270,67.5,214,106,94
20151225,-0.8,2,270,46.3,180,69,30
20151226,0.9,2.4,70,73.3,152,134,66
20151227,-5.7,2.9,360,39,49,42,32
20151228,-5.7,2.3,70,38.4,102,61,26
20151229,-3.2,1.4,70,47.6,166,97,58
20151230,0.3,2.5,160,67.6,135,132,57
20151231,0.7,1.5,50,81.3,110,62,55
20160101,1.2,1.6,90,73,83,37,56
20160102,5.7,2,320,76.9,83,37,42
20160103,6.5,1.8,320,80.6,83,37,86
20160104,2,3.1,320,54.4,83,37,60
20160105,-2.7,2.3,20,39.4,53,189,32
20160106,-1.7,1.8,320,54.3,63,315,54
20160107,-3.4,2.5,20,51.8,51,45,42
20160108,-3.3,2,290,49.8,47,56,34
20160109,-2.1,2.1,360,57.1,173,54,40
20160110,0.3,2.6,50,42.3,171,85,32
20160111,-3.8,2.8,50,38.3,41,41,42
20160112,-5.2,2.5,50,46,48,47,51
20160113,-4.5,2,50,63,90,55,38
20160114,-3.4,1.7,230,52.1,116,69,46
20160115,-0.4,1.8,160,52.3,169,101,46
20160116,-0.2,2.9,90,68,94,115,64
20160117,1.7,2.4,90,64,58,96,66
20160118,-6.3,4.8,340,59.8,76,37,60
20160119,-12.8,5.4,340,45.9,63,34,41
20160120,-10.5,1.8,50,43.6,77,36,38
20160121,-7.1,1.8,320,44.3,78,50,50
20160122,-7.6,2.6,320,40.5,74,44,52
20160123,-11.5,4,340,42,70,38,34
20160124,-14.4,3.2,340,48.5,62,39,40
20160125,-9.4,1.9,320,47.1,73,69,52
20160126,-3.3,2.3,90,64.5,72,77,74
20160127,-1.1,2,340,56.3,102,69,60
20160128,-0.5,1.6,110,51.5,102,71,52
20160129,1.9,2.3,90,43.6,56,56,45
20160130,0.6,2,320,59.5,54,48,42
20160131,-3.9,3.2,320,34,45,50,41
20160201,-6,3,320,36,57,46,41
20160202,-5.3,2.2,340,41.8,37,57,46
20160203,-2.4,1.9,70,49.6,104,71,56
20160204,-0.7,2.4,320,50.1,36,64,56
20160205,-2.2,2.5,320,39.4,50,51,46
20160206,-3.1,2.9,320,38.6,45,41,52
20160207,-2.9,2,320,46.5,118,53,46
20160208,1.3,3.1,270,62.1,216,114,64
20160209,0.3,3,320,52.5,70,74,52
20160210,2.7,1.6,90,38.5,85,58,37
20160211,8.1,3.5,110,29.3,84,41,44
20160212,8.4,3.2,110,95.3,122,37,33
20160213,11,3.3,140,95,25,34,14
20160214,-2.6,4.6,320,73.1,27,53,30
20160215,-5.8,4,340,48.4,50,45,34
20160216,-2.7,2.7,320,65.6,70,64,30
20160217,0,2.3,320,53.9,49,62,41
20160218,3.5,3.2,270,66.4,60,69,46
20160219,2.3,1.7,290,56.4,61,61,75
20160220,1.3,2.9,340,37.1,34,46,46
20160221,-0.6,2.9,320,36.4,78,52,27
20160222,1.1,1.9,270,36.6,127,76,45
20160223,0.7,3.2,340,56,35,72,52
20160224,-3,2.9,340,42,55,53,36
20160225,-0.2,2.7,320,49.9,60,67,52
20160226,2.2,2.2,290,41.3,56,73,50
20160227,3.3,2,320,57.6,78,75,64
20160228,0.7,2.1,90,65.5,66,53,44
20160229,-3.8,4,320,48.6,40,52,61
20160301,-2.7,2.5,320,47.3,100,42,34
20160302,3.1,2.9,270,67.9,153,75,39
20160303,8.1,1.9,200,65.1,184,109,54
20160304,13.2,2.7,110,55.3,150,74,64
20160305,11.3,2.6,110,91.3,309,76,26
20160306,7.9,2.8,320,51,304,192,84
20160307,8.1,2,110,36.9,128,88,100
20160308,2.7,3.1,340,40.4,55,45,70
20160309,0.3,3.5,340,37.5,44,34,46
20160310,-1.1,3.2,340,37.8,62,41,36
20160311,-0.5,2.6,320,43.8,71,55,36
20160312,2,2.5,270,55.6,105,82,47
20160313,3.7,1.6,20,68.1,96,60,58
20160314,4.7,2.6,320,57,107,68,62
20160315,5.2,2.2,320,43.4,126,65,59
20160316,7.5,2,320,45.1,140,51,60
20160317,9.3,1.4,70,40.9,115,45,70
20160318,13.4,2.4,110,50,154,57,60
20160319,11.4,2.5,320,58.3,88,63,72
20160320,10.6,2.2,320,54,72,66,77
20160321,9.9,2.2,320,54.1,89,73,81
20160322,8,2.5,320,58.1,137,105,68
20160323,8.2,2.9,340,49.6,63,57,72
20160324,7.2,2.4,320,36.5,55,55,41
20160325,7.1,2.2,320,43.9,71,51,68
20160326,6.5,2.2,320,54.5,58,77,65
20160327,7.2,2.6,320,55.6,70,93,66
20160328,9.8,2,290,47.8,100,96,66
20160329,11.3,3.2,270,57.8,95,90,93
20160330,11.5,2.2,320,49.9,119,67,84
20160331,13.5,2.1,90,27,173,59,52
20160401,15.3,2,320,26,141,85,70
20160402,15,2.3,320,40.8,57,73,77
20160403,10.7,1.7,70,75.1,81,56,46
20160404,12.3,2.2,320,42.6,100,70,30
20160405,11.4,2.5,290,45.1,128,91,62
20160406,14.4,1.9,90,44.3,120,71,69
20160407,14.1,3,290,69.5,121,75,42
20160408,11.1,2.5,320,76.1,84,130,69
20160409,10.7,1.8,250,83.9,255,147,100
20160410,13.4,2.1,290,71.3,131,107,112
20160411,12.5,2.4,320,43.8,82,59,48
20160412,14.1,2.3,320,42.6,110,61,56
20160413,15.6,1.7,320,67.5,212,63,55
20160414,12.4,2.6,320,75.9,85,89,56
20160415,15,2.6,320,46.4,102,75,54
20160416,14.9,2.9,110,58.9,73,46,52
20160417,10.8,4.7,270,66.8,45,55,50
20160418,11.2,3.1,290,65.4,45,61,62
20160419,12,2.2,320,55.1,78,49,46
20160420,14.3,2.1,90,54,93,54,62
20160421,13.5,2.8,110,87.6,100,73,27
20160422,13.5,2.6,320,83.4,112,348,68
20160423,13.5,2.1,320,52.1,73,442,162
20160424,15.5,1.9,320,39.6,98,182,128
20160425,17.2,1.7,70,34.8,81,144,72
20160426,21.1,2,110,34.8,87,81,74
20160427,17.2,3.6,110,32,80,95,51
20160428,17.2,2,90,34.4,84,80,58
20160429,16.2,2.5,270,47.6,93,70,63
20160430,15.9,2.8,270,45.3,83,91,71
20160501,18.8,2.2,250,40.5,96,81,46
20160502,21.1,2.2,200,64.5,78,50,50
20160503,12.9,4.9,270,86.1,58,35,21
20160504,15.7,5.1,290,46.6,66,64,56
20160505,18.9,1.7,320,50.8,72,58,56
20160506,16.3,2,320,89.3,236,135,45
20160507,16.5,2.6,290,60.3,193,65,99
20160508,19.4,2.1,90,44.8,75,49,53
20160509,20.2,2,340,43,72,53,58
20160510,14.5,2.3,20,82.4,74,67,30
20160511,16.4,2,290,60.9,101,87,30
20160512,17.8,2.7,230,62.4,55,85,35
20160513,18.6,2.1,270,57,65,42,39
20160514,20.2,2.3,20,47.1,63,58,36
20160515,17.4,2.7,270,73.9,47,40,38
20160516,15.9,3.2,250,57,64,63,36
20160517,19.3,1.9,290,48.8,84,64,64
20160518,22.3,1.9,290,40.3,82,54,48
20160519,24.3,1.6,290,36.4,83,53,40
20160520,24,1.8,20,32,78,56,46
20160521,24.1,2,70,23.8,77,53,38
20160522,24.7,1.9,50,35,78,66,53
20160523,23.3,2.1,50,43,84,49,66
20160524,16.8,2.6,250,82.6,56,75,34
20160525,19.7,2.7,230,67.9,43,84,82
20160526,19.4,1.8,270,72,70,58,91
20160527,20.9,1.7,270,61.3,98,96,76
20160528,21.7,2.1,250,56.1,71,91,74
20160529,21.5,2.3,270,56.1,87,66,76
20160530,22.1,2.4,270,57.3,101,87,85
20160531,21.6,2.5,270,63.6,94,72,74
20160601,23.3,2.1,50,45.8,49,39,42
20160602,23.2,2.4,50,38.3,48,58,36
20160603,22.2,2.2,270,48.1,64,51,48
20160604,21.2,1.6,270,51.8,77,37,52
20160605,24.7,1.7,70,47.3,58,44,50
20160606,23.3,2.3,110,49.1,46,45,23
20160607,21.7,1.7,270,69.5,74,49,40
20160608,22.1,2.3,270,65.9,80,59,40
20160609,24.1,2,270,59.5,96,61,52
20160610,24.6,2.2,270,60.9,94,47,60
20160611,23.5,1.7,250,74.3,27,49,48
20160612,23.5,2.1,250,79.4,54,53,28
20160613,23.5,2.4,270,70.5,54,45,60
20160614,23.8,2.1,230,62.5,57,47,52
20160615,20.9,2.7,200,81.8,30,42,34
20160616,20.9,2.8,200,73.5,64,48,32
20160617,23.8,2.5,230,63.1,87,66,56
20160618,24.5,1.8,270,58,37,64,63
20160619,24.1,1.9,270,64.5,74,49,40
20160620,24.7,1.7,250,66,58,61,51
20160621,26,1.7,270,60.1,70,50,58
20160622,24.3,2,50,75.1,55,36,69
20160623,24.7,2.1,50,71,68,34,40
20160624,23.1,2,270,75.8,30,43,42
20160625,22.8,2.8,270,63.1,32,49,35
20160626,24.4,2.7,270,58.4,54,47,32
20160627,24.4,1.6,270,55.5,55,72,36
20160628,24.7,1.8,270,61.1,47,54,60
20160629,25.3,2.2,200,58,67,38,38
20160630,24.6,2.8,200,78.1,73,48,30
20160701,24,2.3,200,86.5,53,34,26
20160702,23.5,2.4,270,81.4,47,50,14
20160703,23.5,1.6,140,70.4,59,52,38
20160704,21.8,3,70,85.1,49,50,28
20160705,23.1,2.8,230,93.6,30,26,12
20160706,22.9,1.9,200,74,31,36,17
20160707,24,1.3,250,71.6,40,37,38
20160708,27.3,1.8,290,66.5,36,34,52
20160709,27.7,2,270,64.8,40,40,39
20160710,27.9,1.8,270,64.4,42,44,35
20160711,28.4,1.7,50,67.4,38,33,50
20160712,26.3,2.1,270,65.5,35,30,34
20160713,26.3,2.1,270,69,38,40,30
20160714,27.5,2.1,200,66.9,47,48,30
20160715,26.2,2.6,70,60,40,45,18
20160716,20.8,3.5,50,92.8,20,18,10
20160717,21.7,2.6,200,82.9,34,30,14
20160718,24.4,1.5,290,75.1,56,57,28
20160719,27.1,1.5,20,65.5,51,52,36
20160720,28.6,1.9,50,62.5,47,41,36
20160721,28.3,2.2,90,61.3,43,45,30
20160722,29.1,2.2,90,64,50,53,35
20160723,28.7,1.9,250,70.4,53,52,42
20160724,28,2,270,77.9,61,64,35
20160725,28.4,1.9,270,75.3,48,53,42
20160726,28.4,2.6,230,69,42,36,34
20160727,27.6,3.2,200,76.4,50,51,33
20160728,28,2.8,230,70.6,62,66,52
20160729,26.3,1.6,50,82.3,66,64,39
20160730,28.6,2.1,200,73.5,58,61,38
20160731,28.9,1.6,270,72.1,47,43,43
20160801,28.4,1.6,20,72,30,32,30
20160802,27.2,1.2,270,72.5,32,35,26
20160803,29.1,1.6,50,65.4,34,29,30
20160804,30.7,1.6,50,59.6,27,30,30
20160805,31.2,1.8,50,60.1,39,40,38
20160806,30.5,1.7,270,64.8,46,49,54
20160807,30.6,1.9,270,56,40,45,35
20160808,30.5,1.8,320,63.1,40,38,40
20160809,29.3,1.9,70,68.3,37,44,30
20160810,29.4,1.9,270,66.3,35,40,52
20160811,30.5,2,270,64.1,37,40,33
20160812,30.4,2,270,68.3,40,36,44
20160813,30.2,2.4,270,67.9,38,41,35
20160814,28.9,1.9,290,74,43,47,34
20160815,29.1,1.9,270,65.5,41,42,38
20160816,29.3,1.6,290,64.9,37,44,48
20160817,29.9,1.9,290,60.4,50,53,42
20160818,29.9,1.6,50,61.9,41,43,54
20160819,28.9,1.4,50,69.5,43,39,60
20160820,30.1,1.7,70,59,31,29,34
20160821,30.7,2.1,50,57.5,27,26,28
20160822,30.7,2.1,50,58,38,40,30
20160823,28.3,2.1,50,68.8,41,45,34
20160824,29.1,1.8,290,59.1,50,53,36
20160825,27.1,1.9,270,70.4,33,37,30
20160826,23,3.6,70,57,31,33,14
20160827,23.4,3.1,70,43.3,30,31,14
20160828,21,2.6,20,62.5,44,45,11
20160829,22.2,2,290,54.5,52,49,16
20160830,20.6,3.3,270,60.4,49,63,36
20160831,17.7,3.8,250,85.3,48,41,21
20160901,23.2,3.1,200,71.3,30,52,58
20160902,24.2,2.7,70,68.5,42,54,42
20160903,23.9,1.8,50,73.8,48,53,22
20160904,25.6,1.5,50,71.3,43,53,22
20160905,26.4,1.7,270,66.1,41,65,30
20160906,24.7,1.8,270,69,52,68,57
20160907,24.3,1.8,270,69.8,30,52,69
20160908,23,1.3,270,76.4,27,48,57
20160909,23.9,1.8,20,71.1,54,59,42
20160910,24.4,1.6,20,65.4,86,58,40
20160911,24.5,1.7,70,66.3,37,48,40
20160912,23.4,1.9,50,68.9,45,48,28
20160913,24.6,1.8,70,62.5,63,56,17
20160914,24.6,1.8,200,66.1,81,56,32
20160915,23.9,1.3,270,68.1,93,66,40
20160916,24.6,1.5,290,64.9,100,47,49
20160917,23.1,2.9,70,64.8,38,46,30
20160918,23.5,3.1,70,53.4,34,41,22
20160919,21.9,3.5,50,53.3,27,43,13
20160920,20.6,3.1,50,41.1,41,29,17
20160921,20.2,2,70,43.4,51,36,34
20160922,21.9,1.8,70,46.3,79,38,39
20160923,21.4,1.6,50,57.9,93,38,50
20160924,22.3,1.6,20,60.6,98,71,59
20160925,23,1.2,270,57.6,93,38,48
20160926,23.6,1.8,50,59.1,86,43,44
20160927,21,1.3,50,82.5,42,39,35
20160928,19.9,1.3,270,84.6,37,38,34
20160929,20.4,3,70,64.4,62,34,14
20160930,20.5,1.6,50,66.9,71,45,30
20161001,21.1,1.2,50,69,96,51,46
20161002,19,2.7,70,84.1,100,34,30
20161003,22.7,2.7,270,73.3,93,45,16
20161004,22,2.4,70,58.9,51,47,30
20161005,21.1,3,70,61.9,47,45,26
20161006,18,2.6,290,59.3,39,36,40
20161007,19.7,2.6,70,67.8,41,35,26
20161008,16.8,2.9,270,66.4,24,37,21
20161009,11.3,2.9,320,46.3,54,34,18
20161010,14,1.6,50,43.3,80,43,27
20161011,15.4,1.8,270,62.4,76,71,44
20161012,15.5,2,290,57,41,44,53
20161013,15.2,1.4,270,44.1,128,48,43
20161014,16.7,1.3,20,61.8,54,83,64
20161015,19.1,1.3,50,60.6,92,67,71
20161016,17.2,1.5,70,74.1,59,57,53
20161017,17.5,1.4,270,76.1,73,60,49
20161018,17,1.4,50,70.9,80,57,54
20161019,18,1.5,20,67.6,106,84,60
20161020,18.6,1.8,50,61.3,28,76,59
20161021,17.9,3,70,58.6,50,42,24
20161022,18.3,1.8,50,59,34,47,34
20161023,13.3,4,50,66.3,49,39,13
20161024,15.1,2.4,50,54.8,80,25,16
20161025,14.1,2.2,70,84,91,41,17
20161026,13.3,1.4,270,81,72,64,40
20161027,14.6,1.9,50,65.4,62,31,44
20161028,14.6,2.5,290,61.8,22,35,39
20161029,7.8,3,320,40.3,48,37,39
20161030,7.9,1.5,270,31.9,72,50,30
20161031,5.7,2,290,59.9,29,32,30
20161101,1.5,2.7,290,43.6,71,27,24
20161102,4.1,1.4,250,53.1,91,56,36
20161103,9.1,1.6,250,62.8,129,78,43
20161104,12.3,2.7,180,67,141,72,60
20161105,15,2.2,200,77.4,111,97,70
20161106,14,3.4,50,59.4,54,53,31
20161107,12.8,2.8,50,71.3,52,61,36
20161108,4.1,3.5,290,58,50,40,60
20161109,2.1,1.9,270,41.1,91,31,42
20161110,6,2,50,55.5,106,45,40
20161111,9.1,2.2,250,63.3,135,94,50
20161112,11.4,2.3,200,62.1,83,87,71
20161113,14.4,1.7,50,74.8,113,92,59
20161114,13.2,1.7,50,78.5,88,87,49
20161115,5.2,2.8,290,44.3,64,40,56
20161116,5.2,1.4,290,44.3,131,46,53
20161117,9.1,1.2,20,56.4,83,57,68
20161118,10.3,1.9,50,58.4,148,61,82
20161119,13,2.2,270,71.1,118,41,52
20161120,9.8,2.5,270,48.6,48,41,42
20161121,9.5,2.2,70,40.5,16,35,60
20161122,2,3.9,270,43.3,26,28,44
20161123,-1.8,3,290,37.5,58,30,42
20161124,-2.5,2.1,270,37.8,118,49,30
20161125,1,1.5,290,43.9,118,75,38
20161126,0.9,2.3,50,69.6,181,58,50
20161127,3.3,1.5,20,81.3,44,109,64
20161128,1.4,2.5,290,57.9,81,38,74
20161129,1.7,1.6,270,40.8,129,55,40
20161130,6,2,230,59.8,238,62,44
20161201,4.1,3.6,250,47.6,38,40,48
20161202,1.6,1.8,290,48.4,103,45,37
20161203,4.5,1.4,20,58.8,170,98,51
20161204,5.5,1.2,20,60.1,240,73,68
20161205,5.9,3,270,69.1,51,70,71
20161206,-1.1,2.5,270,38.5,95,43,26
20161207,1.7,2.3,50,58.3,121,79,49
20161208,2.1,1.7,50,70,94,71,54
20161209,1.4,2.8,270,65.8,32,35,32
20161210,-1.6,1.9,270,47.6,87,31,34
20161211,-1.1,1.2,20,42.6,131,52,32
20161212,2.3,1.9,50,37.9,183,41,40
20161213,3.4,2,290,53.6,67,40,57
20161214,-1.4,2.7,270,68.1,46,31,54
20161215,-5,3,270,41.8,64,32,38
20161216,-4.7,2.2,270,40.3,95,50,36
20161217,2.7,1.8,20,60.1,125,84,59
20161218,4.9,1.9,50,68.8,192,94,50
20161219,7.2,2.5,50,66,248,107,35
20161220,7.6,1.2,20,71.3,184,111,50
20161221,7.9,3.5,50,75.5,182,81,37
20161222,5.5,3.5,250,90.3,209,58,28
20161223,-2.5,3.6,270,71.1,36,29,52
20161224,-2.4,1.8,20,66,66,29,62
20161225,1,1.7,50,69.5,105,32,52
20161226,2.5,1.4,360,73.8,85,46,46
20161227,-2.3,3.5,270,54.6,65,31,41
20161228,-3.7,1.8,270,49,61,45,46
20161229,-4.2,2.8,290,53.1,48,43,38
20161230,-3.9,1.3,20,50.9,130,59,42
20161231,0.7,1.5,20,65.4,187,96,55
20170101,2.7,1.5,20,75.9,203,100,66
20170102,5,2.1,20,77.8,224,126,92
20170103,2,1.8,270,61.8,203,113,70
20170104,3.9,1.7,270,55,203,105,52
20170105,3.8,3.1,50,52.3,111,34,35
20170106,5.4,2.4,50,58.5,92,44,21
20170107,4.6,1.4,50,64.9,136,45,48
20170108,6.5,2.6,70,61.4,121,42,30
20170109,1.5,3.3,270,60.8,52,37,56
20170110,-3.7,3.2,270,45.1,67,41,32
20170111,-3.8,2.1,270,36.4,104,52,26
20170112,-2.2,3.1,270,43.1,125,91,31
20170113,-6,2.9,270,47.4,28,40,30
20170114,-8.4,3.8,290,33.3,36,42,48
20170115,-6.6,2.3,270,35.3,29,24,28
20170116,-3.8,1.4,20,37.6,65,56,46
20170117,-2,1.5,20,46.6,95,71,64
20170118,-0.5,1.3,270,68.9,88,89,84
20170119,-1.2,1.6,270,55.4,71,87,88
20170120,-4.4,3,270,70.3,30,35,56
20170121,-5.2,1.6,20,78.1,53,51,48
20170122,-8.3,3.8,290,51.3,36,42,76
20170123,-8.9,2.2,270,48.4,59,31,48
20170124,-7,2,290,49.6,72,43,37
20170125,-5.2,1.5,270,50.6,138,69,47
20170126,-1.3,2.2,20,64.4,173,81,58
20170127,-2.6,3.4,270,47.3,61,51,106
20170128,-1.6,1.7,50,38,177,39,32
20170129,0.8,1.8,70,71.1,84,34,26
20170130,-4.8,3.3,270,61.4,22,32,46
20170131,-5.4,1.7,270,44.8,65,32,28
20170201,-4,2.5,290,44.5,47,42,36
20170202,-2.7,2.7,250,52.9,73,47,32
20170203,1.5,1.5,250,65.4,116,85,65
20170204,0.9,1.6,20,69.4,134,69,80
20170205,1.2,2.1,250,75.3,48,112,61
20170206,-1.7,3,290,51,32,40,42
20170207,-2,1.5,270,45.4,47,37,40
20170208,-2.2,2,270,50.1,70,52,54
20170209,-5.3,3.8,270,47,35,54,54
20170210,-6.6,4.1,270,44.3,35,53,35
20170211,-4.8,2.8,270,45.4,90,49,31
20170212,-2.2,2.1,270,51.3,143,46,32
20170213,0.1,1.6,270,59.6,190,72,42
20170214,0.3,2.5,290,46,91,72,52
20170215,1.8,1.4,360,52.1,217,71,58
20170216,5.5,2,20,63.9,233,70,62
20170217,0.8,3.9,270,56.9,56,35,46
20170218,-2.6,2.8,270,49.4,96,50,32
20170219,2.3,1.9,160,68,120,71,44
20170220,-1.5,4.2,290,53.8,41,74,46
20170221,-0.6,1.6,270,37.1,68,37,46
20170222,1.7,2.7,70,70.8,124,31,34
20170223,-1.5,3.8,270,56.4,39,32,36
20170224,-0.8,2.2,270,51.3,72,55,28
20170225,2.6,2.3,200,63.6,51,98,46
20170226,3.6,2.1,270,52.8,75,48,44
20170227,3.7,1.8,270,37.4,100,54,37
20170228,5.6,2,230,41.5,85,84,41
20170301,5,1.8,20,65,67,73,53
20170302,1.8,3.1,270,59.5,65,55,32
20170303,3.3,2.1,250,54.4,101,67,42
20170304,5.7,1.6,20,60,106,89,51
20170305,5.2,2.1,270,71.6,70,77,57
20170306,0.1,4,290,41.3,52,50,38
20170307,-1.3,3.9,270,37.5,33,40,34
20170308,-0.1,3.1,270,50.6,48,53,45
20170309,3.2,3.1,270,47.3,53,69,49
20170310,4.8,2.2,270,37.4,93,70,47
20170311,7.3,1.8,270,37.4,113,85,56
20170312,8.2,2,270,58.4,43,68,74
20170313,6.9,2.5,270,49.8,68,58,60
20170314,5.8,3.2,270,37.5,83,49,52
20170315,6.3,2.1,250,34.9,80,63,41
20170316,6.2,1.9,270,41.8,106,72,60
20170317,7.7,2,270,43.1,104,78,68
20170318,9.5,2.3,250,34.1,169,76,68
20170319,10.9,1.6,360,36,145,105,66
20170320,10.2,1.8,50,40.4,116,100,82
20170321,7.4,3.1,290,48.1,89,55,83
20170322,7.6,2.5,290,32.8,131,56,52
20170323,9.1,2.2,250,34,80,56,68
20170324,8.7,2.1,50,41.4,58,65,56
20170325,8.1,2.1,270,41.1,80,61,60
20170326,7.3,2.2,270,53.1,36,68,58
20170327,6.1,2.5,270,67.4,40,68,68
20170328,7.1,1.9,20,59.8,67,60,72
20170329,8.8,2.3,250,54.9,85,58,54
20170330,10.6,1.9,270,50,105,70,62
20170331,8.6,2.4,50,70.6,68,72,50
20170401,9,2.1,270,60.5,86,78,22
20170402,9,2.1,250,53.1,95,99,43
20170403,11.4,2.1,250,45.6,120,78,69
20170404,14.1,2,20,35.3,90,90,66
20170405,12,2.4,50,66,69,43,48
20170406,10.4,2.4,230,90,97,42,24
20170407,14.5,2.1,250,68.1,89,81,36
20170408,13,2.5,250,74.5,100,76,57
20170409,14.8,2.8,70,59.6,75,76,38
20170410,16.5,2.8,70,25.8,73,63,27
20170411,15.3,3.2,250,36.8,69,89,55
20170412,11.5,3.7,250,21.8,109,154,67
20170413,12.7,2.5,200,54,123,113,68
20170414,13,3.5,230,57.9,82,67,56
20170415,16.8,2.2,270,59.4,108,76,62
20170416,18.7,1.4,50,52.9,130,74,58
20170417,14.7,2.2,340,66.5,126,61,45
20170418,11.7,2.5,250,76.5,97,70,42
20170419,12.6,2.9,270,43.1,90,94,78
20170420,12.9,2.3,290,45.4,105,62,82
20170421,13.1,2,270,56.5,65,65,66
20170422,14.8,2.1,270,48.4,91,66,62
20170423,14.9,2.4,270,40,79,67,50
20170424,15.1,2.7,50,39.4,90,70,44
20170425,16,2.7,230,56.8,47,50,54
20170426,15.1,3.3,270,36,61,54,48
20170427,13.6,3.3,270,41.8,64,61,48
20170428,14.4,3,200,57.3,66,74,62
20170429,17.1,2.7,230,44.3,79,80,61
20170430,19.3,2.6,200,57.9,159,220,83
20170501,20.1,1.9,270,50.8,93,103,82
20170502,20.7,2.1,270,42,107,81,90
20170503,21.5,2,270,34.1,77,56,67
20170504,21,2,270,43.6,586,53,62
20170505,20.9,3.2,270,53.4,607,154,52
20170506,14.9,3.8,230,32,99,149,172
20170507,16.6,3.2,250,42.6,94,136,88
20170508,17.9,2.1,200,43.6,143,152,149
20170509,17.1,1.6,50,62.6,71,35,116
20170510,16.4,2.5,290,73,64,50,41
20170511,19.3,1.8,250,65.3,125,83,66
20170512,19.1,2.1,200,71.6,207,334,68
20170513,16.4,3.1,230,77.8,101,116,56
20170514,15.7,3.7,270,58.3,55,61,58
20170515,16,2.8,270,61.4,67,43,46
20170516,17.1,2,250,60.5,70,54,36
20170517,18.6,2.1,270,51.5,78,70,38
20170518,20.4,2.3,270,41.9,91,76,48
20170519,21.1,2.6,270,42.6,103,70,48
20170520,20.9,2.4,270,44,87,48,38
20170521,21.5,2.3,290,48.1,70,58,30
20170522,21.8,2,270,53.6,48,59,41
20170523,20,1.9,290,68,47,36,34
20170524,21.8,2,270,60.4,59,47,27
20170525,19.2,3.4,250,45.6,70,55,38
20170526,17.7,2.9,250,41.5,60,55,26
20170527,19.5,2.2,290,46.1,93,66,34
20170528,21.2,2.7,250,50.6,112,90,42
20170529,22.9,2.3,200,61.8,97,94,64
20170530,23.6,2.4,230,43.5,68,70,50
20170531,23.3,1.9,270,49.1,84,52,37
20170601,23.3,3.1,270,51.8,61,280,37
20170602,20.5,2.8,270,37.4,54,49,30
20170603,20.5,3,270,44,45,32,32
20170604,21.7,2.6,270,36.9,57,45,29
20170605,24.2,1.9,50,33.3,74,127,26
20170606,19.4,2.5,70,60,46,40,22
20170607,17.6,2.4,270,91.4,49,104,16
20170608,20.1,2.8,270,67.3,73,66,42
20170609,21.2,3.3,230,69.8,73,62,57
20170610,21.5,2.3,270,46.8,52,83,46
20170611,22.8,2.2,20,33.8,60,57,30
20170612,22.1,2.8,70,45.5,57,55,30
20170613,21.5,2.4,270,63,55,58,36
20170614,21.8,2.8,270,63,65,57,46
20170615,23.1,2.5,230,62.4,77,73,52
20170616,25.5,2.2,90,55.8,78,102,64
20170617,24.2,2.4,290,52.3,72,78,51
20170618,24.3,2.3,270,52,68,57,44
20170619,24.8,1.8,270,50.9,74,47,52
20170620,26,2.1,270,43.4,57,45,50
20170621,25.4,2.9,270,52.6,63,54,56
20170622,25.3,2.5,290,57.3,54,43,40
20170623,26.7,2,270,53,29,31,46
20170624,24.5,1.2,290,60.4,51,37,41
20170625,23.8,1.5,50,75.4,63,40,35
20170626,23.1,2.2,70,76.9,57,52,30
20170627,25.2,2.2,270,67.5,74,51,28
20170628,26,2.1,270,63.5,82,43,53
20170629,26.2,2.2,270,64.8,81,54,47
20170630,25.9,2.2,270,65.9,69,43,52
20170701,25.3,2,290,73.6,84,35,43
20170702,24.3,2.5,230,90.5,54,32,26
20170703,24.7,3.5,230,87.6,54,38,26
20170704,26.7,2,270,74.5,59,61,34
20170705,27.4,1.5,270,66.9,66,57,42
20170706,27.6,1.7,50,72.3,91,64,52
20170707,26.4,2,110,80.8,67,27,20
20170708,26,2.6,200,83.3,88,44,28
20170709,26.3,1,70,88,76,43,31
20170710,24,2.3,200,96.5,51,41,35
20170711,26,2.1,200,81.4,90,65,39
20170712,27.1,2.3,270,75.9,70,66,41
20170713,27.6,1.5,270,71,69,62,44
20170714,28.7,2.1,270,68.4,91,55,40
20170715,25,2.2,230,89,78,28,17
20170716,26.2,1.4,230,83.4,59,20,16
20170717,26.8,2,200,77.3,46,41,18
20170718,26.5,1.6,270,80.6,80,58,23
20170719,28.3,1.8,270,71.4,53,58,34
20170720,29.9,2.2,200,66.1,81,51,46
20170721,29.8,2.5,230,73.1,49,56,51
20170722,29.3,2.3,230,75.8,42,58,48
20170723,27,2.1,200,89.5,54,57,38
20170724,26.2,1.2,250,82.3,76,56,28
20170725,29.4,1.9,50,64.1,52,43,26
20170726,28.7,2.7,70,55.6,54,46,16
20170727,27.1,1.9,110,62.5,66,29,27
20170728,25.5,1.5,70,92.1,76,35,25
20170729,27.2,2.3,70,72.3,37,49,16
20170730,27.9,1.9,290,64.4,57,42,25
20170731,25.7,1.4,50,82.3,59,36,24
20170801,28.6,1.7,50,73,54,23,27
20170802,30,1.3,50,71.9,44,31,37
20170803,30.2,2.2,110,60.6,33,31,23
20170804,30.3,2.1,70,60.1,65,27,23
20170805,31.4,1.9,70,63,52,28,27
20170806,29.8,1.9,70,71.9,52,37,33
20170807,29.2,2.4,270,68.1,59,55,32
20170808,28.2,1.9,290,67.1,59,43,43
20170809,27.6,2.3,70,66.4,38,46,34
20170810,24.8,2,50,89.9,60,45,8
20170811,27,2.3,50,72.5,85,52,10
20170812,27.8,2.1,70,60.3,71,41,10
20170813,26.3,2.8,70,62.1,60,27,8
20170814,24.6,3.6,70,67.5,40,18,7
20170815,21.9,3.6,70,93.8,50,14,9
20170816,23.3,3.7,70,80.5,54,18,11
20170817,24.8,2.1,70,77.1,48,32,13
20170818,26.3,1.3,50,75.6,53,46,24
20170819,26.1,2,70,75.8,46,44,22
20170820,23.2,2.9,70,95.6,55,21,10
20170821,25.8,2.4,230,81.5,56,24,11
20170822,27.3,1.9,290,70.6,75,28,19
20170823,27.2,2.6,230,84.1,50,27,20
20170824,26.5,4,230,85.3,51,27,16
20170825,25.3,1.7,270,61.9,47,36,25
20170826,24.2,2,270,54.5,57,42,23
20170827,22.7,1.4,50,62,27,49,24
20170828,21.5,1.5,50,73.1,28,27,28
20170829,19.5,3.2,320,51.4,47,31,18
20170830,19.8,1.5,270,55.8,33,49,22
20170831,22.2,1.6,50,62.4,47,48,33
20170901,23.3,2.2,70,56,61,44,21
20170902,23.8,1.8,50,59,55,51,26
20170903,23.7,1.6,50,64,64,49,31
20170904,24.6,1.6,50,53.8,62,47,28
20170905,21.9,1.7,50,62.4,65,39,24
20170906,20.6,1.2,290,75.5,77,31,24
20170907,22.4,1.4,290,73.3,50,41,35
20170908,24.3,1.7,290,67.5,50,41,46
20170909,23.8,1.4,20,70.1,50,41,53
20170910,23,1.4,70,74.3,50,41,46
20170911,21.2,1.7,50,79.8,50,41,20
20170912,22.1,1.9,290,58.6,62,37,20
20170913,21.4,1.9,290,49.3,73,46,24
20170914,22.4,1.7,50,48.8,64,50,29
20170915,22.6,3.6,70,48.4,69,42,15
20170916,22,3.6,70,50.9,90,33,10
20170917,23.1,2.7,50,51.3,53,27,10
20170918,21.9,2.1,270,62.8,75,60,20
20170919,22.6,3,230,79.1,51,75,60
20170920,19.5,2.4,270,48.9,60,37,18
20170921,20.3,1.6,50,57.3,77,39,27
20170922,20.6,2.1,50,60.8,74,52,30
20170923,21.8,1.6,50,69.8,109,88,64
20170924,22.4,2,70,71.5,107,57,63
20170925,23.4,1.4,70,58,87,44,47
20170926,25.1,1.9,70,57,61,49,48
20170927,22.7,1.7,340,66.4,41,36,43
20170928,19.2,2.8,270,49.1,37,35,24
20170929,17.4,2.2,230,39.3,90,42,24
20170930,20,1.5,20,64.9,84,56,38
20171001,18.2,2.3,70,74.8,93,22,36
20171002,22,2.3,70,62.3,49,45,20
20171003,17.6,2.3,290,49.8,36,35,40
20171004,16.7,1.8,270,48.5,53,28,24
20171005,18.7,2.1,70,56.4,51,27,14
20171006,18.9,2.3,70,66.4,61,25,13
20171007,21.9,1.2,50,67.6,76,39,10
20171008,23,1.4,50,66.9,45,38,19
20171009,22.5,1.5,270,66,7,45,26
20171010,21.4,1.3,20,76.9,12,21,30
20171011,15.5,2.9,270,77.1,41,62,12
20171012,11.4,2,270,71,50,28,23
20171013,12.8,3.2,290,51,70,40,28
20171014,14.4,2.5,280,42.8,51,43,22
20171015,15.8,1.7,70,42.5,62,25,22
20171016,16.6,1.7,290,47.6,39,39,32
20171017,16.2,1.3,20,47.1,48,33,40
20171018,16.5,2.4,70,58.8,45,38,29
20171019,17,1.8,50,58.3,66,54,18
20171020,17,1.5,50,58.6,74,96,34
20171021,17.6,1.3,20,52.8,52,77,40
20171022,16.3,3.1,70,50.4,43,63,26
20171023,13.7,1.4,20,47,42,58,24
20171024,14.4,1.9,290,54.3,56,40,34
20171025,14.4,1.5,290,59,75,50,41
20171026,14.5,1.2,20,56.5,107,59,52
20171027,16.9,1.2,270,54.4,138,41,60
20171028,17.2,2,50,51.9,59,53,48
20171029,11.5,3.3,290,45.6,24,121,67
20171030,7.7,2.4,290,27.4,49,78,39
20171031,10.4,1.8,270,54.3,72,58,36
20171101,14.4,2.1,200,72.4,78,116,40
20171102,15.5,1.6,200,78.8,90,88,48
20171103,12.3,3.2,270,66,27,58,40
20171104,7.8,2.5,290,47.9,53,33,54
20171105,8.4,1.5,270,52.5,61,49,42
20171106,11.4,1.5,20,64.5,74,38,35
20171107,14.4,1.5,50,61.4,82,66,44
20171108,13.1,3,270,53.3,34,60,60
20171109,9.4,1.2,50,39.6,65,42,52
20171110,9.8,3,50,56.3,49,49,45
20171111,5.9,2.2,270,42.9,33,48,70
20171112,5.3,1.4,270,57.1,77,47,31
20171113,8.4,1.9,50,64.4,69,76,40
20171114,7.5,2.4,290,42.5,24,37,48
20171115,3.2,2.8,320,38.3,35,38,25
20171116,1,1.5,20,30.3,57,30,24
20171117,3,2.2,50,39.4,56,58,40
20171118,-2.1,3.4,290,38.5,35,31,40
20171119,-1.6,2.2,270,37.8,85,45,25
20171120,-0.4,1.4,270,55.3,124,58,36
20171121,1.3,1.4,50,55.6,104,54,48
20171122,4.3,2.4,50,54.8,38,98,56
20171123,0.9,2.1,270,49.3,38,33,22
20171124,-0.4,1.8,290,62.5,37,33,20
20171125,3,1.8,70,77.6,67,71,27
20171126,3.3,1.8,320,71.6,36,54,32
20171127,2.5,1.3,50,53,69,41,44
20171128,6.4,1.1,20,64.1,74,68,64
20171129,3.2,2.8,290,48.3,34,168,57
20171130,-2.4,3.3,290,26.8,37,30,24
20171201,-2.2,1.6,270,49.4,70,46,24
20171202,1.9,1.7,50,59.9,118,63,38
20171203,4.9,1.5,50,83.1,88,102,46
20171204,-1.2,3.4,290,48.1,20,26,39
20171205,-4.2,2.8,290,40.1,64,37,26
20171206,0.2,2.1,290,72.6,72,73,30
20171207,0.7,1.7,290,64.5,26,57,40
20171208,-3.8,1.8,290,41.3,45,96,32
20171209,-0.5,1,20,46.1,96,67,40
20171210,1.1,2,90,67.9,42,68,36
20171211,-7,3.5,290,40.5,21,36,48
20171212,-9.4,2.1,320,41.9,28,27,39
20171213,-8.7,1.7,290,42,54,30,41
20171214,-6.6,0.9,360,42.9,57,45,58
20171215,-3,1,360,52.6,30,67,77
20171216,-5.7,3,290,43.1,45,34,46
20171217,-6.7,1.9,290,38.1,60,41,40
20171218,-1.6,1.2,20,80,53,69,54
20171219,-3.9,2.1,290,49.4,40,44,44
20171220,-3.9,1.1,90,68,53,68,45
20171221,-0.9,1.2,290,71.4,73,65,48
20171222,3.4,1.1,20,66.6,74,87,54
20171223,6.1,1.1,200,75.8,80,91,94
20171224,2.9,1.9,290,82,55,72,66
20171225,-2.1,2.8,290,43.1,40,39,30
20171226,-3.8,2.9,290,41.8,44,41,28
20171227,-6.9,1.9,290,31.4,62,72,29
20171228,-2.1,1.3,290,47,110,59,44
20171229,2.1,1.1,290,67,126,85,82
20171230,1.4,0.9,290,79.5,121,79,102
20171231,-0.3,2.3,290,54.4,129,97,56
20180101,-1.3,1.4,290,39.1,67,84,45
20180102,-1.8,1.8,290,42,46,58,37
20180103,-4.7,2.2,290,42.3,20,39,36
20180104,-4.7,1.4,290,43,31,35,44
20180105,-3,1.7,290,48.4,82,35,54
20180106,-2.8,1.5,290,45.8,64,33,46
20180107,-0.8,0.8,90,42.1,92,38,50
20180108,1.3,1.8,270,51.9,50,56,50
20180109,-4.2,2.9,290,59.4,47,24,40
20180110,-7.5,3,290,52,20,18,30
20180111,-11.1,2.8,290,49.8,21,24,33
20180112,-10.2,1.7,290,35.4,69,35,25
20180113,-4.4,0.8,50,67.3,83,60,48
20180114,0.6,1.2,90,64.1,98,36,59
20180115,4.7,1.4,290,63.9,56,44,62
20180116,3.5,0.7,20,59.1,67,92,90
20180117,4.5,1.2,290,64.1,83,86,88
20180118,2.1,1.9,290,59.6,69,95,74
20180119,1,1.6,290,43,104,63,56
20180120,2.2,1.6,270,57.6,71,100,87
20180121,0.4,1,290,36.6,49,30,58
20180122,0.2,1.5,290,56.5,47,22,43
20180123,-11.7,3.7,290,42,32,24,24
20180124,-14.2,3.4,290,31.6,43,25,30
20180125,-14,2.8,340,32.6,48,23,26
20180126,-14.8,2.6,320,34.9,46,25,33
20180127,-9.9,1.4,270,37.4,57,24,44
20180128,-6.3,2.6,290,36,45,64,31
20180129,-8.5,2.7,270,35,59,81,47
20180130,-5.3,1.3,200,62,60,69,43
20180131,-2.6,1.6,290,54.5,56,69,40
20180201,-4,1.6,290,44.1,72,43,40
20180202,-2.4,1.6,290,51.1,36,49,50
20180203,-7.3,3.8,290,47,22,33,34
20180204,-9.5,3.1,290,40.9,25,29,34
20180205,-9.4,3,290,37.8,25,27,26
20180206,-10.1,3.1,290,36.5,39,31,32
20180207,-8,1.5,290,39.8,55,38,40
20180208,-4.4,1.2,20,43.3,53,54,49
20180209,0.4,1.1,230,43.9,102,68,60
20180210,-0.5,3,290,47.4,37,67,63
20180211,-6.1,2.7,270,42.5,53,59,52
20180212,-5.8,2.7,270,40.8,57,68,50
20180213,-0.8,2.7,200,54.5,75,68,52
20180214,3.5,2.6,250,51,50,68,62
20180215,-0.7,2.5,290,28,81,51,40
20180216,-1.1,2.1,270,40.1,107,62,44
20180217,-3,2.9,290,25.6,70,43,50
20180218,-0.4,1.3,270,26.9,83,35,38
20180219,1.8,1.5,290,48.6,92,46,56
20180220,0.9,2.5,290,41,73,53,57
20180221,-0.9,2.3,290,31.5,77,56,38
20180222,1.3,2.2,230,59,79,80,44
20180223,4.2,1.9,230,81.1,90,103,81
20180224,2.4,2.1,290,49.4,30,40,66
20180225,1.9,1.7,290,40.6,41,37,44
20180226,3.1,1.4,290,43.1,106,59,58
20180227,4.2,0.9,90,48.8,97,71,81
20180228,4.6,2,90,73.3,94,52,62
20180301,-0.2,3.8,290,61.9,41,49,39
20180302,-0.7,1.5,290,34,79,44,68
20180303,7.9,1.5,270,38.1,97,35,60
20180304,9.8,1.2,90,89.1,102,39,28
20180305,5.5,2,50,67.5,59,53,9
20180306,4.5,1.6,20,46.8,45,45,32
20180307,6.4,1.8,90,54,53,41,30
20180308,4.6,1.9,320,76,50,43,30
20180309,4.5,1.5,290,63.3,64,39,52
20180310,4.6,2,290,65.8,86,73,42
20180311,6.4,2,290,51.3,63,81,54
20180312,8,1.4,290,45.8,95,56,80
20180313,12.4,1.8,230,60.5,191,65,54
20180314,17,2.3,230,58.8,94,57,27
20180315,12.4,2.1,270,92.1,78,64,18
20180316,7.1,1.9,90,46.9,39,36,15
20180317,6.6,1.5,270,48,38,43,32
20180318,8.2,1.2,290,55.9,69,36,52
20180319,8,2.5,90,64.5,66,70,26
20180320,4.7,3.4,90,39.9,43,43,18
20180321,2.1,1.7,20,64.1,50,39,14
20180322,4.9,2.2,270,61.5,67,77,42
20180323,6.1,2,270,55.3,106,91,60
20180324,7.6,2.1,270,61.9,93,96,92
20180325,9.6,1.7,290,65.6,71,76,102
20180326,11,1.9,290,64.5,79,70,96
20180327,13.3,1.6,250,61.1,88,95,81
20180328,14,2.2,250,66.4,284,75,51
20180329,15.4,1.6,270,66.3,83,61,59
20180330,14.8,1.7,90,55.6,62,67,60
20180331,14,1.9,270,52.9,104,64,63
20180401,15.6,1.5,200,68.8,128,63,67
20180402,18.4,1.9,230,64,130,78,68
20180403,17.8,2.1,230,72.9,103,87,64
20180404,13.4,1.9,90,67,34,55,15
20180405,7.6,2,90,90.6,61,44,7
20180406,5.8,3.1,270,71.6,64,91,103
20180407,4.2,4.1,270,45.5,33,52,50
20180408,3.9,1.8,90,59.6,50,64,26
20180409,7.9,1.1,20,57.9,92,66,40
20180410,15.1,3.5,200,51,103,95,46
20180411,12.6,3,270,49.4,39,75,58
20180412,13.3,2.6,320,30.5,73,62,50
20180413,14.6,1.3,110,22.9,50,75,36
20180414,9,1.8,290,78.8,105,51,20
20180415,9.5,2.4,270,65.5,92,55,67
20180416,11.6,1.6,270,41.9,106,26,40
20180417,12.9,1.9,290,37.9,127,78,60
20180418,12.4,1.9,290,35.4,121,107,64
20180419,14,1.9,290,38.8,107,91,73
20180420,18.4,1.3,20,46,102,63,88
20180421,18.7,1.9,270,32,80,51,64
20180422,15.5,1.1,110,57.4,27,39,35
20180423,9.3,2.2,110,93.9,36,19,10
20180424,12.1,1.4,110,63.3,38,43,9
20180425,14.6,1.5,290,37.8,57,65,36
20180426,14.9,2.1,290,51.9,88,76,46
20180427,15.7,1.7,290,52.9,124,95,53
20180428,15.4,2,290,49,102,77,55
20180429,16.2,1.9,290,43.1,73,75,55
20180430,19.2,1.6,290,61.6,61,68,74
20180501,20.4,1.5,320,72.8,84,55,56
20180502,15.1,1.9,70,90.4,40,43,42
20180503,11.2,2.7,290,62.4,44,48,32
20180504,14.1,2.7,270,45.5,69,57,46
20180505,18.3,2.6,230,46.8,92,68,43
20180506,16.6,1.1,90,86.4,86,40,16
20180507,19.2,1.2,290,60.3,81,66,38
20180508,17.5,1.7,110,50.9,66,62,22
20180509,15.7,1.7,90,50.4,68,63,25
20180510,15.4,2.3,270,67.4,90,53,46
20180511,16.1,1.8,290,59.8,75,44,56
20180512,14.2,0.9,50,89.3,72,35,29
20180513,15.8,1.9,270,82.5,62,69,26
20180514,18.2,1.4,270,71.4,90,67,68
20180515,23.2,1.1,230,56.4,80,40,68
20180516,22.3,1.9,200,93.8,63,40,35
20180517,20.9,1.4,270,97,62,38,15
20180518,16.3,1.3,70,86.8,66,50,11
20180519,17.6,1.5,90,47.5,64,39,11
20180520,17,1.4,90,32.1,49,40,11
20180521,17.8,1.4,110,43.9,41,42,21
20180522,18.1,1.1,290,75.5,107,24,35
20180523,17.3,2.5,320,57.1,185,83,48
20180524,18.3,2.2,230,47.4,96,95,90
20180525,19.7,1.8,290,47.4,80,72,86
20180526,21.8,1.4,290,50.1,85,64,72
20180527,20.3,1.7,320,47.4,96,55,60
20180528,22.3,1.6,270,49.8,122,73,56
20180529,21.4,1.8,290,69.3,61,75,49
20180530,20.2,1.9,270,69.8,61,55,52
20180531,20.9,1.9,290,58.9,62,44,51
20180601,23.8,1.9,290,50.4,65,40,48
20180602,23.4,2,270,44.5,74,46,40
20180603,24,1.6,270,39.4,90,42,34
20180604,22.6,1.9,290,50.1,67,51,40
20180605,23.7,1.7,290,52.5,99,45,44
20180606,23,2,270,62.9,109,62,46
20180607,22.2,2,270,69.3,53,62,45
20180608,21.9,2.1,290,68,35,59,34
20180609,23.7,1.4,90,60.6,29,58,39
20180610,21.3,1.4,90,59.9,35,45,9
20180611,20.2,1.4,70,67.3,56,27,11
20180612,21.3,1.7,290,65.5,61,35,16
20180613,22,1.5,50,64,38,34,28
20180614,21.6,1.1,90,74.9,49,25,29
20180615,21.7,1.4,90,60.8,37,37,15
20180616,22.5,1.4,290,56.4,59,44,23
20180617,22.8,1.3,270,66.9,49,42,44
20180618,24.8,1.5,290,54.9,75,46,42
20180619,22.4,1.8,250,61.3,56,45,39
20180620,22.7,2.3,290,68.1,49,50,44
20180621,23.7,2.2,290,60.1,69,60,39
20180622,25,1.8,290,45.1,69,67,40
20180623,24.5,2,270,50.6,65,62,38
20180624,25.2,1.9,270,62.8,60,54,54
20180625,27.1,1.2,290,57.1,77,36,54
20180626,22.3,2.4,230,88.3,59,19,44
20180627,22.3,2,250,81.9,53,35,28
20180628,23.3,1.1,180,85.1,28,59,25
20180629,24.7,1.5,270,78.5,57,39,36
20180630,24.4,0.9,50,83.8,63,42,48
20180701,21.9,0.8,110,94.6,57,20,14
20180702,22.6,0.7,50,95.4,45,28,9
20180703,27.4,0.8,70,74.4,40,27,13
20180704,27.3,1.7,290,69.6,57,38,22
20180705,25.3,1.2,90,72.8,72,44,19
20180706,23.9,1.8,90,57.8,60,36,7
20180707,23.7,1.6,90,51.4,46,30,8
20180708,23.3,1.5,90,51.5,46,29,12
20180709,20.8,1.1,90,82.3,33,20,10
20180710,23.7,0.7,110,87.8,27,15,23
20180711,26.8,1.3,50,82.9,39,131,30
20180712,26.6,1.5,290,82.4,59,62,24
20180713,27.3,1.8,290,74.8,41,35,20
20180714,27.9,1.9,290,69.6,32,40,20
20180715,28.3,1.6,290,69.6,47,35,22
20180716,28.7,1.7,290,64.3,54,61,26
20180717,28.1,1.7,290,66.5,55,40,30
20180718,28.2,1.6,290,64.8,57,22,36
20180719,28.7,1.6,290,64.1,70,23,29
20180720,29.5,1.5,290,62.6,61,77,36
20180721,30.6,1.5,290,53.6,64,43,38
20180722,31.8,1.4,270,49.6,72,46,30
20180723,31.7,1.8,290,53.8,47,32,32
20180724,31.4,1.6,290,59.5,28,24,40
20180725,30.1,2.4,230,66.3,36,38,30
20180726,30.1,1.5,290,68.8,43,56,40
20180727,30.9,1.9,290,69.3,47,95,44
20180728,29.5,1.2,270,77.1,53,53,44
20180729,31.3,1.2,50,52.4,55,47,16
20180730,31.7,1.2,70,50.9,55,38,9
20180731,32.6,1.5,90,50.5,56,31,18
20180801,33.6,1.7,270,55.5,74,35,34
20180802,33.7,1.6,290,54.4,51,56,40
20180803,33.1,1.9,270,55.3,62,43,44
20180804,31.1,2.4,270,60.6,53,32,26
20180805,30,2.6,270,71.8,43,40,25
20180806,30.5,1.6,290,71.6,41,33,30
20180807,30.5,1.5,90,63.4,38,66,20
20180808,31,2.1,290,64.8,17,41,25
20180809,28.8,1.5,290,76.3,36,41,25
20180810,30.7,1.4,340,60.9,56,53,16
20180811,31,1.5,110,55.8,55,81,11
20180812,30.6,1.5,160,61.3,54,44,15
20180813,30.5,1.4,50,68.6,51,48,31
20180814,31.7,1.3,290,58.3,12,42,26
20180815,31.7,1.2,70,59.5,23,43,32
20180816,29.9,1.7,90,51,40,72,12
20180817,27.2,1.8,110,39.8,47,50,14
20180818,26.7,1.4,110,44.6,51,39,18
20180819,28.2,1.2,20,50.6,21,35,23
20180820,29.1,2,140,55.6,31,30,36
20180821,26.6,2.5,290,71.4,34,39,24
20180822,30.7,1.1,110,54.1,44,42,24
20180823,29.4,1.7,70,59.1,53,38,12
20180824,24.4,2.5,290,86.3,46,423,8
20180825,25.2,2.6,200,68,51,30,23
20180826,23.2,1.2,50,70,64,37,18
20180827,22.7,0.8,70,91,49,42,12
20180828,23.7,0.9,90,92.4,51,40,14
20180829,25.2,2.4,200,86,37,38,14
20180830,25.3,1.8,290,80.9,36,28,31
20180831,25.6,1.6,290,67.4,38,65,24
20180901,25.5,1.3,70,59.4,37,28,18
20180902,25.1,1.5,90,55.8,37,40,14
20180903,23.3,1,70,85.3,13,83,17
20180904,23.2,2.2,290,69.4,29,57,16
20180905,24,2.5,270,63.5,53,50,28
20180906,24.1,2,200,69.9,59,98,35
20180907,22,2.5,290,54.6,30,31,30
20180908,21.7,1.7,290,48.8,29,30,24
20180909,22.2,1.2,70,49,38,34,22
20180910,22.9,1.6,90,49.5,57,29,12
20180911,21.6,1.5,70,48.1,51,28,13
20180912,22.8,1.4,70,52,61,30,16
20180913,23.5,1.2,70,63.5,70,33,20
20180914,23.5,1.3,70,66.9,70,45,19
20180915,23.3,1,70,76,43,57,14
20180916,22.2,1.7,270,83.6,36,34,36
20180917,22.3,1.9,290,64.3,60,36,28
20180918,22,1.2,290,59.8,57,51,36
20180919,22.1,1,50,59.1,62,42,45
20180920,19,1.8,90,82.4,40,28,17
20180921,19.4,1.3,90,85.8,48,47,10
20180922,20.8,1.8,270,62.3,47,58,32
20180923,19.4,1.6,270,52.9,34,79,30
20180924,17.6,2.1,320,48.3,26,32,15
20180925,17.8,1.1,20,48,29,29,14
20180926,19.4,1.7,90,47.9,48,68,9
20180927,18.9,1.3,70,47.6,54,71,9
20180928,17.5,1.2,70,58.1,52,27,16
20180929,20.2,1,70,55.5,32,46,15
20180930,17.6,2.3,270,52.5,30,39,20
20181001,15.4,2.9,270,55.1,30,20,16
20181002,15.9,1.6,290,61.4,27,38,26
20181003,17.3,1.3,290,58,48,52,26
20181004,19.3,1.3,70,56.5,60,39,21
20181005,16.9,1.7,70,84.1,60,78,10
20181006,18,2.2,90,84,43,52,7
20181007,16.4,1.7,290,53.5,47,33,26
20181008,14.8,1.1,20,47,52,45,23
20181009,15.3,1.1,70,52.5,30,71,26
20181010,12,2.5,290,61,30,16,22
20181011,9.7,2.1,320,51,27,20,18
20181012,10.9,1.3,290,54,64,73,26
20181013,12.5,1,50,54,85,32,32
20181014,13.2,1.5,290,60,78,58,36
20181015,15.2,1.4,320,69.9,81,67,56
20181016,14.5,1.3,290,55.9,45,55,46
20181017,12.4,1.3,290,53.3,50,38,40
20181018,12.7,1.1,50,59.5,53,78,19
20181019,13.1,1.4,270,54.3,59,84,22
20181020,13.4,1.2,270,53.9,69,51,40
20181021,13.4,1.1,270,49.5,82,54,38
20181022,14,1,20,50,81,32,48
20181023,12.2,1.1,50,75.1,44,126,52
20181024,12.5,1.3,290,66,91,56,43
20181025,13.8,0.9,50,55.5,95,96,40
20181026,12.2,1.6,270,74.1,47,94,34
20181027,8.7,3.2,270,49.6,38,35,28
20181028,8.3,1.5,70,77.1,41,51,15
20181029,7.2,2,290,57.3,29,19,17
20181030,6.1,1.6,270,51.3,49,24,23
20181031,7.4,1.6,290,55.4,51,26,22
20181101,8.4,1.3,290,53.4,67,41,38
20181102,10.6,1.1,20,54.9,77,94,44
20181103,11.2,1.3,20,56,89,40,52
20181104,11.6,1.3,270,55,103,26,42
20181105,11.9,1.1,270,65.5,39,50,60
20181106,12.2,0.9,270,70.5,36,29,96
20181107,12.8,1.1,70,79.5,56,30,70
20181108,11.8,1.8,90,93.8,61,31,12
20181109,12.1,3.1,270,69,50,104,40
20181110,11.9,1.4,290,69.1,49,78,73
20181111,8.1,1.1,50,67.6,46,49,69
20181112,8.1,1.2,320,52.3,69,58,32
20181113,8.8,1.1,290,51.6,77,115,42
20181114,9.8,1.1,320,55.5,47,82,36
20181115,9.7,1,20,55.4,33,77,52
20181116,8.8,1.7,290,65.1,20,70,60
20181117,4.9,1.4,290,50.8,54,37,35
20181118,6.1,1.1,270,48.8,78,61,39
20181119,6.5,1.4,20,50.4,84,61,59
20181120,6.5,1.8,200,39.9,74,58,45
20181121,5.8,1.2,340,57.1,42,41,36
20181122,2.3,2.4,270,35,60,35,22
20181123,1.9,1.4,290,29.6,82,48,24
20181124,2.6,1.8,70,71.1,80,47,26
20181125,4.8,1,20,77.8,117,77,51
20181126,6.3,1,20,70.1,168,59,66
20181127,7.1,1.5,70,65,228,286,104
20181128,5,1.6,290,27.1,116,179,94
20181129,3.5,1.3,290,41.4,72,67,68
20181130,2.7,1.4,270,46.1,94,223,56
20181201,5.5,1,20,42.3,129,100,48
20181202,8.2,1.3,90,50.1,92,68,48
20181203,11.5,1.4,90,87.4,201,86,45
20181204,6.7,2.7,290,74.9,69,56,35
20181205,0,1.5,290,39.5,69,43,30
20181206,2.4,2.3,270,50.5,41,41,38
20181207,-7.3,3.8,290,37.1,29,24,24
20181208,-8.3,2.6,340,37.1,40,25,24
20181209,-7.2,1.5,290,27,59,39,22
20181210,-2.5,0.9,50,33.3,63,46,38
20181211,0.2,1.2,20,44.8,56,39,46
20181212,-1.9,2.2,290,39,80,48,48
20181213,-2.2,2,320,57.4,47,45,42
20181214,-4.4,1.7,290,44.3,53,73,35
20181215,-2.4,1,20,46.8,102,32,66
20181216,0,0.9,50,63.8,176,82,64
20181217,1.6,1.8,290,60.1,53,74,74
20181218,2.6,1.4,230,56.3,65,72,52
20181219,4,1.4,290,53.4,65,85,54
20181220,3.4,0.9,20,45.5,72,65,64
20181221,5.6,1.1,70,40.1,77,72,80
20181222,6.9,1.5,290,48.9,74,91,88
20181223,2.4,2.9,290,43,49,86,54
20181224,-2.3,1.6,290,35.9,67,42,24
20181225,0.6,1.2,50,53.4,67,113,38
20181226,-1.5,2.8,290,40.8,50,38,51
20181227,-10.1,3.5,290,28.3,49,29,28
20181228,-10.5,2.5,290,33,45,33,36
20181229,-7.6,2.9,290,29,44,28,38
20181230,-6.8,1.2,290,35.9,42,24,36
20181231,-5.4,1.2,290,39.6,48,44,28
20190101,-5,2.1,290,49.5,61,44,40
20190102,-4.9,1.7,270,42.8,71,65,38
20190103,-3.5,1.4,290,38.8,90,71,40
20190104,-1.1,1.2,20,55.5,40,123,68
20190105,-2.8,2.2,290,40.3,31,37,67
20190106,-2.8,1.2,290,35,57,33,50
20190107,-1.9,1.4,290,46.4,55,69,60
20190108,-3.5,2.6,290,31,29,48,45
20190109,-4.7,1.3,50,28.8,49,43,52
20190110,-0.6,1.3,290,48.8,96,79,60
20190111,2.4,1,20,58.8,141,114,77
20190112,2.8,1.3,290,47.6,150,114,96
20190113,1.2,1.4,270,54.3,179,138,110
20190114,1.4,0.9,290,68.6,170,134,150
20190115,-1.7,2.7,290,58.8,46,65,121
20190116,-5.2,2.3,270,45.9,75,50,46
20190117,-0.3,1.7,290,45.8,97,87,44
20190118,0.6,1.3,290,44,101,97,60
20190119,3.6,1.2,50,59.8,62,88,96
20190120,-1.4,3.2,290,38.5,35,35,68
20190121,-1.2,1.6,270,57.8,73,68,44
20190122,1.7,1.7,20,62,85,89,63
20190123,2,2.3,270,48.9,53,74,74
20190124,0.1,1.7,270,34.9,61,47,44
20190125,-1.2,2.6,290,27.6,42,52,48
20190126,-2.5,2.4,320,30.9,39,37,46
20190127,-0.1,1.7,230,52.5,84,54,41
20190128,1.2,3.1,290,40.4,42,66,70
20190129,-0.2,1.5,290,35.5,90,47,66
20190130,1.8,1.5,290,54.6,85,80,62
20190131,-2,2.9,290,29,36,45,66
20190201,-2.1,1.7,270,47.6,89,71,40
20190202,1.4,1,70,60,95,71,58
20190203,3.3,1.7,90,92.9,110,69,44
20190204,-0.6,2.1,290,40.4,118,77,70
20190205,2.8,1,50,37.1,148,90,72
20190206,5.1,1.3,20,54.9,57,90,82
20190207,-2.1,3.5,290,45.5,31,45,58
20190208,-6.1,2.3,290,31.5,36,29,34
20190209,-5.4,2.7,320,30,26,31,38
20190210,-5,1.7,290,31.3,43,24,46
20190211,-3,2.3,270,34.9,84,58,43
20190212,-0.6,1.9,290,35.5,55,62,62
20190213,-2.1,2.4,290,26.6,50,37,43
20190214,-0.5,1.4,250,24.3,27,39,56
20190215,-0.8,1.9,290,72.8,28,47,46
20190216,-2.7,2.6,320,59,17,30,65
20190217,-1.8,1.9,270,47.4,21,42,42
20190218,0.9,1.3,290,43.5,73,55,48
20190219,1.4,1.4,70,80.8,70,52,50
20190220,1.7,2.1,270,67.8,95,106,61
20190221,2.4,1.5,270,59.4,143,114,80
20190222,4,1.5,200,56.1,197,90,78
20190223,6.8,1.1,20,41,69,90,65
20190224,6.3,1.8,290,45,117,79,72
20190225,4.7,2.3,290,55.8,53,74,84
20190226,5.2,1.6,270,32.8,49,56,56
20190227,7.8,1.6,290,31.3,65,97,72
20190228,6.6,2,290,39.5,114,161,84
20190301,6.6,2.1,290,42.3,95,134,110
20190302,7.8,1.1,290,37.6,95,122,111
20190303,9.4,1.5,20,36.4,97,111,105
20190304,9.9,1.9,270,46.1,103,119,122
20190305,8.4,2,250,66.3,65,114,164
20190306,8.4,2,290,55,43,95,126
20190307,7,2.2,270,51.1,53,48,56
20190308,6.1,1.9,290,39.4,63,61,51
20190309,7.2,1.3,290,31.8,69,44,50
20190310,10.1,1.2,50,26.4,68,46,54
20190311,6.6,1.8,230,61,39,65,73
20190312,3.9,2.7,270,55.1,26,60,78
20190313,3.5,3.3,270,38.5,34,57,40
20190314,5,1.9,200,45.3,50,76,48
20190315,5.5,1.6,270,72.8,35,65,54
20190316,4.3,1.8,290,69.9,58,57,44
20190317,6.3,2,290,55.4,64,63,40
20190318,7.1,1.4,270,43.8,85,57,44
20190319,10,1.4,20,52,70,65,68
20190320,10.3,1.4,90,79,68,36,94
20190321,7.1,2.9,270,77.4,32,40,36
20190322,3.3,2.8,290,40.9,31,33,36
20190323,3.3,2.4,320,46.9,32,46,26
20190324,4.3,2.3,230,45.4,59,47,27
20190325,7.3,2,230,56.1,66,85,46
20190326,11.4,2,270,51.1,88,105,57
20190327,11.6,3,200,66.4,84,94,83
20190328,9.4,2.6,270,49.9,37,46,75
20190329,9.2,2.1,320,33.1,58,33,39
20190330,5.2,2.9,270,72,39,55,38
20190331,4.4,3.2,290,46,34,37,41
20190401,5.5,2.5,270,39.8,41,39,26
20190402,6.7,2.2,290,36.9,48,41,32
20190403,7.6,2.3,290,36.1,52,48,40
20190404,9.2,2.5,270,43,113,64,36
20190405,11.4,2.9,230,41,317,214,62
20190406,9.3,1.1,50,39.9,77,96,56
20190407,12.6,1.7,290,43.1,68,68,38
20190408,11.6,2.5,290,25.6,48,45,38
20190409,9.2,2.4,70,49.1,35,32,33
20190410,7.1,1.8,90,78.4,36,42,8
20190411,9.5,1.9,290,58,48,54,29
20190412,11.4,2.2,290,48.5,56,76,54
20190413,11.8,1.8,270,34,79,75,52
20190414,9.6,2.2,270,45.5,54,95,40
20190415,11.6,1.8,270,30.9,66,70,50
20190416,14.9,1.6,290,26.3,67,63,49
20190417,15.3,1.9,270,37.5,89,63,40
20190418,12.6,2,270,74.4,165,92,44
20190419,13.8,1.6,70,57.5,51,63,50
20190420,14.3,1.9,290,66.9,55,59,45
20190421,14.8,1.9,290,77.8,86,44,34
20190422,19.3,1.4,270,50.6,77,49,80
20190423,20.4,1.3,270,52,61,33,78
20190424,19.5,1.6,290,70.4,52,65,58
20190425,13.2,2,70,75.9,24,82,38
20190426,8.4,1.5,20,82.1,36,47,13
20190427,11.6,1.7,290,52.6,40,60,18
20190428,12.9,1.6,290,48.8,41,34,20
20190429,13,0.9,50,52.9,66,45,22
20190430,15.5,1.6,270,52.8,72,78,37
20190501,16.4,2.3,270,48.9,41,162,50
20190502,17.1,2.3,290,28.5,53,87,48
20190503,17.9,1.6,290,37.5,63,66,59
20190504,19.5,1.7,290,40.4,66,64,82
20190505,19.2,2.2,270,35.8,65,82,72
20190506,14.5,3.1,290,27.1,42,75,37
20190507,15,2.3,250,33.4,51,54,50
20190508,15.6,2.3,200,48.3,70,78,52
20190509,16.6,2.2,270,43.3,78,75,50
20190510,17.8,1.9,270,48,67,75,62
20190511,20.3,1.8,290,39,63,55,62
20190512,21.6,1.5,270,36,277,54,57
20190513,18.7,1.6,290,43.4,63,67,58
20190514,19.6,1.6,270,44.5,106,72,43
20190515,20.7,1.7,290,48.1,106,49,64
20190516,23.5,1.5,270,43.8,74,42,63
20190517,23.6,1.2,70,44.9,65,42,56
20190518,22.8,2.1,110,46.8,31,41,31
20190519,19.4,1.2,70,93,57,31,18
20190520,16.4,3.4,270,63.6,49,79,32
20190521,17.2,2.9,200,52,41,57,49
20190522,19.5,2.4,230,46,52,66,53
20190523,22.1,1.7,270,45,79,73,68
20190524,24.2,1.7,290,46.4,67,92,72
20190525,23.4,1.6,200,45.6,70,67,70
20190526,24.5,1.8,270,39,64,41,40
20190527,17.8,2.4,140,80.9,16,24,24
20190528,18.1,2.6,270,45.9,42,44,21
20190529,20.3,2,290,48.4,67,55,44
20190530,19.6,2.4,200,48,48,54,44
20190531,19.1,2.8,290,49.6,33,47,24
20190601,18.9,1.9,270,60.5,59,71,35
20190602,21.1,1.7,290,42.1,72,55,35
20190603,23.1,1.8,160,42.9,62,53,37
20190604,22.6,2.2,290,56.4,59,46,31
20190605,23,1.8,270,63.8,69,47,47
20190606,21.2,1.2,90,75.9,63,25,50
20190607,20,1.9,50,77.3,52,24,16
20190608,21.9,1.4,50,57.5,55,38,26
20190609,21.6,1.8,290,66.1,38,32,38
20190610,18.4,1.6,70,70.3,48,23,14
20190611,20.5,1.4,50,51.1,39,29,17
20190612,21.5,1.8,290,57.1,67,35,28
20190613,23,1.7,290,51.9,60,35,29
20190614,23,1.8,290,54.8,66,33,30
20190615,21.9,2.4,290,61.5,42,44,32
20190616,22,1.6,50,55.4,23,37,16
20190617,21.7,2.3,290,59.1,49,46,24
20190618,20.8,1.5,250,78.6,66,49,34
20190619,21.4,1.9,270,77.8,51,28,32
20190620,22.7,1.9,270,70.6,72,30,26
20190621,22.1,1.7,290,72.9,46,41,26
20190622,24.2,1.5,70,42.3,34,44,10
20190623,25,1.8,50,40.4,49,42,11
20190624,25.2,2,270,46.9,57,44,20
20190625,25.6,1.6,290,49.1,66,41,32
20190626,25.5,1.3,50,52.6,55,38,29
20190627,25.5,1.4,50,70.5,56,44,19
20190628,24.7,1.7,290,67.3,52,38,38
20190629,23.1,1.2,50,72,42,38,26
20190630,23.9,2.3,200,73.5,33,48,32
20190701,23.9,2.3,270,64.4,38,38,32
20190702,24.4,2.3,270,63.5,51,35,30
20190703,24.1,1.7,290,64.6,43,38,34
20190704,25.4,1.9,290,59.6,54,50,29
20190705,27.6,1.5,20,42.1,62,58,30
20190706,29.7,1.7,90,40.9,30,43,25
20190707,26.7,2.2,90,43.3,37,39,15
20190708,25.1,2,70,46.6,52,41,12
20190709,25,1.8,90,46.4,58,36,10
20190710,22.7,2,70,64.1,39,25,10
20190711,21.9,1.3,50,76.9,31,25,8
20190712,23.6,2,290,65.5,49,49,16
20190713,24.9,1.7,290,67.3,56,71,34
20190714,25.9,1.6,290,64.6,40,67,42
20190715,23.8,1.1,50,80,39,59,37
20190716,24.7,1.3,50,79,40,63,34
20190717,25.6,1.2,270,73.9,62,42,60
20190718,26.9,1.2,290,65,72,31,64
20190719,28.6,1.5,90,61.3,31,42,35
20190720,28,2.1,90,66.9,35,42,10
20190721,25.1,2.2,230,87.1,52,47,18
20190722,26.7,2.2,200,74.6,57,51,44
20190723,28.1,1.7,230,70.8,35,30,24
20190724,26.5,1.6,200,82.3,45,29,24
20190725,26.3,1.2,200,90.1,54,45,26
20190726,25.1,1.7,200,95.3,68,36,19
20190727,28.4,1.3,140,76.6,59,33,21
20190728,26.1,2.2,200,88.3,52,26,13
20190729,27.5,2.6,200,74.5,30,34,14
20190730,28.1,3.4,200,75.3,31,39,20
20190731,25.8,2.2,200,91.1,49,41,18
20190801,26.3,1.7,270,86.4,50,41,14
20190802,28.4,1.2,270,74.6,41,29,20
20190803,29.4,1.3,50,69,29,29,20
20190804,28.3,1.2,50,75.9,35,32,30
20190805,30.5,1.1,340,65.5,44,36,38
20190806,31.6,1.5,70,51.4,48,35,26
20190807,26.9,1.2,290,78.1,45,47,21
20190808,28.9,1.6,290,71.4,44,35,40
20190809,29.8,1.3,290,69,31,30,24
20190810,31.5,1.5,90,57.9,18,28,24
20190811,30.4,2.5,90,53.6,16,21,19
20190812,26.6,1.3,70,91.8,10,10,18
20190813,29.2,1.5,270,76.9,15,25,26
20190814,30.4,1.5,70,63.9,37,23,18
20190815,25.9,1.3,50,82,49,17,9
20190816,25.9,2.2,270,74.5,27,35,18
20190817,25.9,2.5,270,69.5,30,36,30
20190818,25.6,1.7,270,66.5,51,39,23
20190819,26.3,1.1,50,60.6,57,37,23
20190820,28.2,1.5,70,56.3,50,40,28
20190821,27,1.2,50,67.3,38,36,34
20190822,26.9,1.7,270,66.5,47,54,40
20190823,26.2,2.1,270,58.4,42,45,32
20190824,24.1,1.5,270,60.9,48,31,22
20190825,25,1.5,50,66.6,45,37,18
20190826,26.4,1.2,50,63.8,58,27,24
20190827,25.7,1,290,71.1,43,33,26
20190828,26.1,1.9,270,66.2,43,59,26
20190829,23.4,2.2,160,77.1,22,35,25
20190830,22.6,2.4,200,66.3,27,26,16
20190831,23.5,1.9,230,65,45,24,18
20190901,23.7,1.4,340,64,50,26,18
20190902,24.4,1.6,320,56.6,60,31,25
20190903,24.1,2.3,360,67.6,62,36,24
20190904,22.8,2.5,360,89,48,24,9
20190905,23,2,360,91.4,53,33,7
20190906,25.3,2.1,360,79.8,69,34,16
20190907,25.7,6,360,72.9,69,25,12
20190908,24.7,1.9,160,76.9,69,62,36
20190909,25.1,1.7,340,74.3,72,56,38
20190910,23.8,2.4,360,93.4,38,43,16
20190911,24.3,3.1,360,71.4,35,31,12
20190912,21,2.6,360,72.3,41,35,19
20190913,23.3,1.7,360,60.4,44,33,16
20190914,22.4,1.2,320,80,46,23,20
20190915,24.2,1.7,340,70.4,52,26,15
20190916,24.5,2.1,360,53,40,49,11
20190917,23.5,2.1,360,41.6,50,37,16
20190918,21,3.1,230,46,45,45,25
20190919,19.5,1.9,270,46.5,40,30,20
20190920,19.6,2.1,360,52.8,71,45,20
20190921,19.6,2,360,60.3,79,40,16
20190922,18.6,3.8,360,63.4,64,40,7
20190923,20,2.2,290,51.1,72,41,16
20190924,19.8,1.8,230,61.3,61,54,24
20190925,20.9,1.4,340,64.4,46,55,34
20190926,22.9,1.9,340,59.3,54,35,30
20190927,22.9,1.9,360,57.5,60,43,22
20190928,23.7,1.7,230,58.9,68,47,30
20190929,22.6,1.7,230,60.6,75,66,40
20190930,22.4,1.6,230,61,66,74,54
20191001,23.1,1.8,320,67.1,59,64,46
20191002,21.6,3,360,88,62,49,24
20191003,22.4,2.8,340,73.4,76,56,10
20191004,22.4,2.1,360,71.5,30,61,30
20191005,18.7,2.9,360,72.6,24,37,39
20191006,18.1,2.9,360,53.4,37,31,12
20191007,14.8,1.8,360,92,54,43,12
20191008,14.7,2.6,250,58.8,37,42,25
20191009,13.6,1.7,230,48.3,58,36,26
20191010,15.2,1.3,320,60.9,33,42,30
20191011,18.8,1.9,360,60,54,45,34
20191012,17.9,3.5,360,49.3,49,52,25
20191013,17.2,1.9,360,52.6,40,66,20
20191014,14.4,2.5,250,56.9,28,35,34
20191015,14.5,1.6,360,55.6,50,21,26
20191016,14.6,1.6,230,58.3,54,46,30
20191017,15.4,1.7,360,56,47,60,29
20191018,17,2.4,360,58.3,63,54,18
20191019,17,1.8,230,63.8,92,71,21
20191020,16.5,1.3,320,70.3,101,74,38
20191021,17.1,1,320,61,65,68,42
20191022,18.1,1.6,70,56.1,65,106,38
20191023,17,2.4,70,57.3,86,85,22
20191024,18.3,2.7,70,47.6,13,64,26
20191025,16.7,2.4,70,58,19,33,22
20191026,10,2.5,270,60,53,22,23
20191027,11,1.6,290,59,76,51,25
20191028,12.9,2.5,200,65.9,105,114,32
20191029,12.5,2.3,270,61,62,42,64
20191030,11.2,1.6,270,60.3,129,91,26
20191031,14.8,2.3,230,73.8,83,157,60
20191101,14.9,1.8,290,57.9,55,64,82
20191102,13.6,1.5,290,57.3,48,53,66
20191103,14.7,2.1,70,57.8,60,61,49
20191104,13.8,2.1,70,57.8,65,38,14
20191105,12.4,1.6,20,65.1,51,68,34
20191106,11,1.8,290,63.6,48,46,50
20191107,9.2,2.7,320,42.8,41,44,48
20191108,6.8,1.9,290,31.4,66,39,45
20191109,9.5,1.6,290,41.4,100,77,42
20191110,10,2.1,70,59.6,71,59,40
20191111,11.2,2.4,290,71.6,46,41,25
20191112,9.3,1.4,20,63.6,72,46,38
20191113,7.2,2.8,50,72.3,55,50,35
20191114,1.3,2.9,290,30.6,63,44,20
20191115,5.6,2,70,87.4,61,55,25
20191116,6.8,1.6,50,81.3,46,32,38
20191117,8.3,3.1,70,79.4,120,27,29
20191118,4.6,3.9,270,59.8,70,82,62
20191119,0.2,2.8,290,48,54,51,30
20191120,0.5,1.8,290,35.5,98,49,24
20191121,4.2,1.9,50,37.4,108,50,40
20191122,9.7,2.1,70,34.1,101,38,46
20191123,12.1,1.8,70,52,101,38,33
20191124,9.8,2.2,50,74.6,32,33,33
20191125,1.9,2.7,290,62.1,25,26,29
20191126,6.6,2,290,64,54,36,28
20191127,3.1,2.7,320,50.8,50,40,42
20191128,3.5,2,290,52.4,39,22,42
20191129,1.5,2,290,42.8,57,24,47
20191130,4.1,1.7,70,42.6,68,57,47
20191201,4.6,1.6,50,79.4,25,59,46
20191202,-0.1,3.1,290,48,28,30,24
20191203,0.5,1.6,20,61.3,59,55,32
20191204,2,1.8,290,41.6,49,62,32
20191205,-4.4,3.2,320,31.9,43,26,26
20191206,-5.9,1.7,290,34.5,46,29,34
20191207,-2.4,1.7,50,65,93,66,54
20191208,-0.9,1.4,70,65.1,100,77,60
20191209,3.2,2.5,70,56.8,124,116,70
20191210,8.1,1.2,50,82.3,102,130,102
20191211,6.3,3.4,270,62,26,70,74
20191212,-0.7,1.8,290,45.4,29,33,22
20191213,2.1,2,50,53.6,51,50,28
20191214,2.7,2.3,290,58.3,31,29,44
20191215,5.3,2,90,52.5,48,37,40
20191216,7.8,1.9,70,58.9,66,34,40
20191217,7.7,2.3,290,81.4,18,34,34
20191218,0.8,2.5,270,64.6,24,19,42
20191219,-0.8,2.4,290,47.8,25,39,30
20191220,-1.1,2.3,340,45.3,32,30,32
20191221,-1.2,1.7,50,68.1,66,80,41
20191222,4.1,1.7,70,63.4,92,88,64
20191223,3.4,2,320,80.4,64,45,58
20191224,0.8,1.4,50,67.9,47,38,74
20191225,2,1,50,60.8,56,59,56
20191226,2,2.4,290,59,51,45,51
20191227,-1.7,2.1,340,45.4,72,61,38
20191228,1.1,2,70,47.6,86,73,48
20191229,3.8,2.9,70,52.5,84,66,48
20191230,2.7,2.9,320,70.3,58,57,43
20191231,-7.9,3.1,290,39.3,55,57,31
20200101,-2.2,0.6,50,64.4,63,57,38
20200102,1,1.2,50,65.4,74,76,64
20200103,-0.1,1.7,290,56.9,104,101,71
20200104,1.2,1.9,50,50.8,112,100,60
20200105,1.3,1.1,50,45.6,54,71,59
20200106,3.1,3.1,70,65.4,60,19,44
20200107,6.3,4,70,95,16,32,10
20200108,2.4,3.3,270,86.1,22,40,30
20200109,-1.2,2.3,290,65.3,79,30,53
20200110,-0.6,1.5,290,62.9,59,71,67
20200111,-0.1,1.9,290,60.9,36,59,58
20200112,-1,2.4,290,61.5,34,30,50
20200113,-2.9,2.3,290,51,21,51,28
20200114,-2.3,1.6,290,45.3,35,29,34
20200115,-2.7,1.9,270,44.8,91,45,41
20200116,-1.7,1.6,320,43,135,63,44
20200117,-0.6,1.5,290,43.9,127,36,62
20200118,0.3,1.8,270,48.1,183,123,64
20200119,1.9,2.2,270,62.8,58,98,66
20200120,0.7,2.5,270,46.8,24,53,55
20200121,-0.4,1.4,320,36.9,49,32,48
20200122,3,1.7,50,36,92,27,50
20200123,4.6,2,290,49.3,79,65,66
20200124,2.8,1.7,290,63,80,30,74
20200125,4.3,1.5,290,63.1,84,53,55
20200126,5.5,2.7,70,56.3,130,58,29
20200127,5.9,4.6,70,48.1,109,27,10
20200128,6.8,2.6,50,49.4,136,29,12
20200129,6,2.1,70,46.4,68,64,16
20200130,5.2,1.8,70,47,31,58,18
20200131,3.9,2.3,270,59.6,69,41,32
20200201,2.6,1.7,290,66.6,32,57,74
20200202,1.5,1.8,290,52.3,20,42,78
20200203,-0.4,3.1,270,43.6,27,44,30
20200204,-1.6,2.8,320,50.3,33,36,30
20200205,-8.3,3.3,320,37.3,24,23,28
20200206,-6.4,1.9,290,36.4,35,22,45
20200207,-1.7,2,290,45.1,87,57,42
20200208,-0.1,3,320,48.1,91,71,47
20200209,-0.5,2,270,51.1,100,53,41
20200210,4,1.7,290,49.4,105,98,53
20200211,6.8,1.6,50,37,80,57,64
20200212,7.4,2.2,70,73.4,57,27,57
20200213,6.5,1.7,290,84.8,60,29,78
20200214,8.1,1.2,290,70.3,62,40,87
20200215,9.8,2.7,70,63,8,30,70
20200216,-1.4,4,270,81.1,9,38,42
20200217,-5.9,3.4,320,64.3,13,24,30
20200218,-4.1,2.3,290,44,44,44,28
20200219,1,1.5,50,56.8,65,55,40
20200220,4.6,1.7,50,62.6,72,30,68
20200221,6.7,2.2,200,66.3,88,41,69
20200222,4,4,270,62,18,60,70
20200223,2.5,2,270,48.6,63,69,26
20200224,7,1.6,50,51.8,80,78,41
20200225,6.7,4.2,70,73.5,46,43,25
20200226,6.4,2.1,50,59.6,39,45,20
20200227,6.1,2,70,54,23,32,16
20200228,4.5,1.4,50,79.4,30,26,30
20200229,7.7,1.7,50,68.6,28,29,26
20200301,5.8,2,270,71.8,26,43,53
20200302,3.4,2.7,290,55.3,31,32,42
20200303,4.8,2.6,70,57,15,32,48
20200304,2.2,3.7,270,53.4,15,39,49
20200305,1.4,2.5,270,47.5,44,32,41
20200306,3.7,1.6,50,46.8,69,35,46
20200307,7,2,70,39.5,52,31,68
20200308,9.3,1.6,290,43.8,53,41,66
20200309,11.1,1.8,320,37.6,29,37,66
20200310,6.4,2.8,290,78.4,19,55,48
20200311,3.8,3.3,270,41.8,58,54,34
20200312,6.8,2.5,250,49.8,68,73,36
20200313,4.9,3.3,320,41,41,43,34
20200314,3.6,3,250,48.1,40,56,44
20200315,4,3.6,320,48.3,44,66,44
20200316,3.6,2.8,250,42.4,54,56,26
20200317,6.6,2.1,230,65.8,58,77,48
20200318,10,1.8,250,45.8,106,93,62
20200319,9.1,4.8,270,49,32,56,58
20200320,8.8,3.1,200,39.6,74,59,38
20200321,12.8,2,180,56.5,68,76,49
20200322,11,3,290,37.5,41,45,40
20200323,10.6,1.9,270,37.9,55,57,51
20200324,11.4,1.8,270,35,53,57,61
20200325,12.5,1.9,290,33.6,64,46,54
20200326,14.8,1.9,70,53.8,41,23,56
20200327,11.9,3.3,290,56.4,26,52,46
20200328,7.7,3.2,360,17.9,34,50,34
20200329,8.7,2,290,30.6,47,39,44
20200330,10.2,1.8,270,38.4,51,53,59
20200331,11.9,2,270,34.5,56,53,52
20200401,11.3,3.7,290,35.6,42,53,73
20200402,9.3,2.3,250,41.4,44,50,42
20200403,10,2.7,270,53.8,42,67,60
20200404,8.9,3.4,290,36.4,123,100,64
20200405,7.2,2.8,270,29.5,56,47,48
20200406,9.3,2.4,290,38.3,95,74,56
20200407,10.6,2.5,270,56.6,66,78,58
20200408,9.4,3.5,290,25.5,51,47,44
20200409,8.9,2.8,270,44.6,35,44,50
20200410,10.7,2.4,290,52.6,48,54,44
20200411,9.9,2.5,290,63.8,42,61,42
20200412,9.9,3.8,90,58.6,58,78,34
20200413,12.4,3.1,70,39.4,67,68,22
20200414,13,2.4,290,46.8,72,65,54
20200415,13.2,2.2,290,39.8,63,73,68
20200416,16,2.3,90,39.9,70,58,58
20200417,12.5,2.4,110,77.8,49,48,44
20200418,13.5,2.6,320,67.9,63,69,31
20200419,12.3,2.7,90,75.8,65,52,27
20200420,10,3.3,250,73,27,34,18
20200421,7.4,4.4,290,49,33,40,33
20200422,6,4,290,46.8,24,59,68
20200423,7.9,3.7,290,47.8,23,43,44
20200424,9.9,3.9,270,55.6,63,57,40
20200425,13.1,3.9,250,54.4,55,63,54
20200426,12.3,3.2,290,43.1,48,44,34
20200427,12.9,2.8,320,49.8,63,47,37
20200428,13.9,3,250,50,71,66,42
20200429,14.9,2.6,290,48.6,67,60,52
20200430,17.1,2.7,250,57.1,77,54,39
20200501,20.2,2.7,270,73.6,72,64,52
20200502,20.3,2.3,290,79.6,59,40,48
20200503,21.8,2,90,68.8,37,32,29
20200504,20.2,2.7,290,63.9,45,40,38
20200505,16,1.9,290,67.9,47,60,37
20200506,19.4,2.1,70,50,65,54,36
20200507,20.7,2.5,90,32.5,65,50,32
20200508,19.9,2.4,160,32.8,9,30,32
20200509,14.2,3.6,90,94.4,36,12,15
20200510,14.4,2.5,250,88.6,56,60,34
20200511,16.5,3,250,61,40,56,98
20200512,14.3,2.9,250,69.4,68,51,43
20200513,16.1,2.8,270,47.3,93,76,34
20200514,19.3,2,90,35.4,64,62,42
20200515,16.1,3,90,81.4,47,22,32
20200516,16.7,1.6,290,90.3,55,43,27
20200517,19.1,1.7,320,80.1,72,53,41
20200518,19.1,2.4,140,79.4,54,31,39
20200519,13,3.2,50,73.6,44,28,12
20200520,14.4,1.9,90,60.4,67,40,12
20200521,17.4,2.1,90,56.1,53,36,24
20200522,18.5,1.9,290,68.5,29,26,52
20200523,20.1,2.2,290,66.1,27,37,52
20200524,17.1,2.9,230,84.8,27,33,28
20200525,16.6,2.1,320,81,50,46,44
20200526,16.2,2.1,290,81.9,42,29,47
20200527,17.4,2.6,320,68.5,26,28,22
20200528,18.7,1.9,320,62.8,54,43,28
20200529,20.7,2,290,65.6,83,36,34
20200530,22.6,1.9,290,57.3,57,42,38
20200531,21.2,2.3,320,63,33,26,38
20200601,19.7,3.4,290,64.3,62,30,24
20200602,17.9,2.2,290,71,78,44,27
20200603,22,2.4,290,73.3,180,89,54
20200604,21.9,2.7,250,81.1,101,81,61
20200605,23,1.8,290,69.4,38,40,46
20200606,24.6,2,290,63.6,41,44,52
20200607,22.7,2.3,290,69.4,74,54,44
20200608,25,2.1,290,63.6,71,60,41
20200609,26.7,2.3,320,51.6,73,52,49
20200610,25.8,2,290,63.8,70,33,48
20200611,26.1,2.2,290,68.3,72,18,30
20200612,24.7,1.7,290,68.6,54,34,47
20200613,26.9,1.9,290,52.8,67,26,53
20200614,24,2.9,270,70.6,16,27,41
20200615,23,2.8,270,62.3,43,43,33
20200616,24.4,2.2,290,63,61,56,57
20200617,24.3,2,290,58.6,40,66,53
20200618,23.4,1.6,320,61.4,40,43,40
20200619,24.7,2.1,70,61.4,41,56,28
20200620,24.9,2.1,290,62.6,50,64,41
20200621,26.1,2,320,59.5,54,27,38
20200622,28.6,2,290,50.5,52,34,42
20200623,27.3,1.9,270,53.5,49,23,46
20200624,22.3,2.7,50,83.5,47,13,36
20200625,21.6,2.2,180,91,31,25,20
20200626,21.8,3.2,230,82.1,46,39,28
20200627,24.1,2,250,70.4,53,41,28
20200628,25.2,2.4,270,70.5,35,45,35
20200629,23.8,2.4,50,77,49,34,42
20200630,20.1,4,320,83,27,43,9
20200701,21.1,1.9,270,79.3,41,54,22
20200702,24.2,1.9,110,74.5,41,67,52
20200703,25.5,2.6,50,63.5,25,34,38
20200704,24.2,2.1,270,63.9,40,43,23
20200705,23.8,1.9,250,68.6,57,26,31
20200706,25.6,2.1,270,66.6,44,20,28
20200707,24.1,2.5,270,75.5,40,28,22
20200708,25.5,2,270,71.9,35,45,36
20200709,27.5,1.7,110,64.6,35,46,38
20200710,24.5,2.8,50,75,53,34,30
20200711,25.8,2.6,50,62.6,59,50,8
20200712,23.5,2.4,70,71.9,56,27,14
20200713,18.7,4,70,94.8,47,19,8
20200714,20.3,2.8,50,79.4,52,20,7
20200715,23.4,2,50,63.1,53,45,12
20200716,25,1.8,270,70.9,52,56,28
20200717,26,1.9,250,72,58,43,38
20200718,26.1,1.6,270,71.6,46,22,35
20200719,24,2.7,50,81.6,45,6,16
20200720,23.8,3.7,200,86.3,52,37,14
20200721,25,1.6,270,77,59,53,34
20200722,23.7,1.6,50,89.3,53,32,24
20200723,21.1,3.6,50,95.5,49,16,14
20200724,22.5,4.6,50,74.3,50,17,6
20200725,24.3,3.1,50,69.3,53,14,5
20200726,25.4,2,50,69.3,38,16,10
20200727,24.3,2.2,50,86.4,57,22,14
20200728,24.4,2,50,84.8,67,21,13
20200729,23.7,2,50,95.8,55,29,12
20200730,25.3,2.1,230,85.5,63,27,19
20200731,26.2,2,250,81.9,41,18,23
20200801,25.3,1.7,230,90.9,41,27,14
20200802,24.9,2.3,180,96.3,37,26,11
20200803,25,3,200,96.3,71,32,13
20200804,27,3.5,200,89.3,69,19,36
20200805,26.5,1.9,50,92.1,52,19,33
20200806,24.1,3.3,200,92.8,42,22,17
20200807,24.3,1.8,50,85.3,25,12,37
20200808,24.2,2.3,70,89.5,26,21,14
20200809,24.9,2.6,200,95.4,37,22,10
20200810,26.5,2,200,91.6,39,22,13
20200811,24.6,2.2,200,92.5,59,42,11
20200812,27.2,1.9,50,83.9,54,21,25
20200813,28,2.5,200,82.4,27,34,28
20200814,27.1,3.5,200,86.1,52,27,32
20200815,26.1,1.9,200,96,43,31,36
20200816,27.4,3,200,82.6,48,51,23
20200817,28.2,2.3,200,77.9,62,38,29
20200818,27.5,1.6,270,76.3,22,42,33
20200819,27.1,2,270,76.8,18,34,44
20200820,27.7,1.7,250,76,28,22,39
20200821,26.6,1.6,50,83.1,40,29,30
20200822,24.3,2.1,50,87.4,43,29,14
20200823,25.3,1.9,270,78.4,59,27,10
20200824,27.8,2.2,50,71.6,26,31,26
20200825,29.9,2.1,200,69.5,59,19,27
20200826,30.2,3.4,70,68.3,64,29,19
20200827,27.1,3.6,110,84.6,47,20,17
20200828,27.3,1.6,270,89.1,42,28,23
20200829,26.8,1.3,50,90.1,47,39,15
20200830,26.8,2.1,200,88.8,35,29,14
20200831,26.4,2.8,50,77.9,36,17,10
20200901,26.6,1.9,110,72.4,38,28,16
20200902,24.3,2.3,50,91.3,36,36,14
20200903,22.7,4.8,200,82,23,28,13
20200904,23.3,2.7,200,63.9,45,33,20
20200905,23.3,2,50,66.6,61,40,30
20200906,21.7,2.7,50,80,73,46,21
20200907,19.2,4.2,50,93.5,51,51,6
20200908,23.4,4.2,230,71.5,31,35,26
20200909,21.1,2.1,180,83.4,26,31,28
20200910,22.8,2,50,75.8,35,38,26
20200911,22.4,2.8,50,72.6,20,33,24
20200912,20.2,2,50,83.8,34,22,9
20200913,21.5,1.9,50,70.4,43,23,7
20200914,21.3,1.8,270,79.3,54,37,26
20200915,23,1.6,50,76.4,35,33,40
20200916,22.5,1.9,180,79.9,26,32,25
20200917,21.3,2.1,270,70.3,25,33,22
20200918,21.5,2.8,250,62,36,41,22
20200919,21.2,2.2,250,59.3,52,46,19
20200920,19.7,2,290,57.6,50,32,18
20200921,19.1,1.7,50,56.1,39,31,24
20200922,20.2,2.8,50,55.3,56,31,14
20200923,19.2,3.3,50,59.9,35,33,9
20200924,20.6,3.7,50,59.6,50,25,10
20200925,20.1,2.5,50,64.1,64,30,13
20200926,19.3,2.4,50,62.5,46,33,14
20200927,20.4,2,50,63.3,48,34,14
20200928,20.7,2,50,66,62,24,23
20200929,19.6,1.9,290,67.6,44,38,36
20200930,19.6,1.7,20,78,34,43,31
20201001,18.8,2.1,50,74.9,41,41,16
20201002,19.2,2.3,180,79.6,29,47,30
20201003,19.9,1.6,270,72.5,52,29,46
20201004,16.6,2.8,270,65.1,31,46,31
20201005,13.3,2.5,270,57.3,24,29,28
20201006,14.2,2,290,55.9,60,23,27
20201007,16,1.9,50,48.9,66,39,28
20201008,17.2,3.1,50,53,81,46,17
20201009,17.2,3,70,53.4,81,35,18
20201010,16.9,2,70,60.1,74,35,21
20201011,16.9,1.8,50,68.5,52,47,30
20201012,16.2,2.2,250,68.6,25,46,44
20201013,13.6,2.2,270,52.3,47,27,30
20201014,12.8,2.4,290,47,47,31,40
20201015,11.7,1.5,50,41.8,80,35,35
20201016,11.8,1.5,50,64.3,36,39,46
20201017,13.1,1.8,270,64.3,50,36,42
20201018,13.6,2,20,65.5,86,69,38
20201019,15.1,1.7,20,74.4,101,78,89
20201020,15.2,1.6,20,67.1,73,69,92
20201021,14.1,1.9,50,69.4,92,77,47
20201022,13.5,2.8,50,66,58,69,80
20201023,8.6,3,270,51.5,28,38,31
20201024,8.7,2.5,270,47.6,66,44,33
20201025,11.8,1.7,20,62.5,90,63,39
20201026,12.9,1.6,20,71.6,123,72,63
20201027,14,1.8,270,74.1,45,82,94
20201028,13.8,2.5,270,52.1,54,52,57
20201029,10.8,2,270,40.3,65,38,42
20201030,11.9,1.5,50,42.9,72,50,51
20201031,13.6,2.6,200,60.3,157,51,32
20201101,13.7,2.3,200,84.3,75,102,58
20201102,10.8,2.3,270,58.3,51,53,54
20201103,5.1,3.5,270,47.5,49,37,25
20201104,4.9,2.3,270,43.9,80,38,36
20201105,9.6,1.8,50,61.5,78,51,46
20201106,13.5,1.7,50,63.3,84,47,57
20201107,14.6,2.7,230,68.8,101,106,96
20201108,8.5,3.1,270,43.8,32,67,64
20201109,5.5,1.8,270,40.9,52,41,32
20201110,7.7,2.2,270,56.1,81,40,32
20201111,9.3,1.6,50,53.5,96,31,54
20201112,10.4,1.7,20,56.9,76,32,76
20201113,12.2,1.6,20,71.5,51,53,92
20201114,12.5,1.7,50,66.9,52,47,90
20201115,11.1,1.7,20,75,91,61,93
20201116,12.4,1.6,50,70.1,78,78,88
20201117,15.9,2.3,70,67.5,92,54,76
20201118,16.6,2.6,50,91.4,2,25,44
20201119,13.6,4.2,270,90.5,18,18,18
20201120,2.8,3.2,290,74.3,30,23,28
20201121,6.5,2.1,50,67.9,41,34,37
20201122,5.6,2.5,270,80.5,19,32,43
20201123,1.7,2.3,290,61.4,32,23,34
20201124,2.9,1.8,20,54.5,70,51,34
20201125,4.6,1.5,270,64.1,46,71,50
20201126,5.6,1.7,270,66.5,38,29,74
20201127,4.1,2.7,270,61.6,35,35,54
20201128,-0.1,2.8,290,50,17,28,26
20201129,-0.6,2.2,270,59.6,49,33,32
20201130,-0.2,1.9,270,57.8,23,38,37
20201201,1.1,1.9,290,44.5,54,32,38
20201202,2.4,1.8,270,41.4,38,40,39
20201203,0.7,2.7,290,47.1,22,33,33
20201204,-0.6,1.8,290,53.8,29,32,38
20201205,2.1,1.7,20,63.1,36,62,48
20201206,4.5,1.8,50,66.9,59,86,61
20201207,3.4,2.6,270,57.5,25,61,66
20201208,-0.5,2,320,50,37,41,30
20201209,1.5,1.5,50,55.1,71,64,48
20201210,5.8,1.7,50,69.9,88,95,86
20201211,5.3,1.8,270,77.1,75,107,83
20201212,2.3,2.1,270,51.3,106,83,62
20201213,-1.1,2.9,270,74.9,26,54,45
20201214,-7.7,3.4,290,49.1,31,19,27
20201215,-8.3,2.8,290,43,30,25,22
20201216,-8.3,2.6,290,43.9,38,29,26
20201217,-4.9,1.7,20,47,72,48,32
20201218,-2.1,3,50,57,30,50,42
20201219,-5.1,2.4,270,45.1,52,35,32
20201220,-3.7,2,270,50.4,58,65,31
20201221,-1,1.6,20,64.1,74,61,49
20201222,2,2,20,67.6,92,94,64
20201223,4.5,2.3,50,76.6,85,89,83
20201224,2.6,2.9,270,61.5,63,49,68
20201225,-0.8,2.1,250,51.9,75,59,30
20201226,2.2,1.8,20,65.8,89,83,62
20201227,5.8,1.8,70,62.9,92,62,73
20201228,6.7,1.4,50,72.1,54,89,76
20201229,0.1,2.9,270,70.8,54,47,79
20201230,-10.9,4.1,270,55.5,37,19,42
20201231,-8.9,2.4,270,53.9,44,33,32
20210101,-4.2,2,270,64,70,53,32
20210102,-5,2.6,270,38.5,61,53,39
20210103,-5.6,2,270,45,66,54,44
20210104,-3.5,1.7,50,51.4,44,51,46
20210105,-5.5,2.9,290,52.8,27,35,34
20210106,-7.4,2.4,270,54.6,79,50,28
20210107,-14.5,4.1,270,49.9,26,18,44
20210108,-14.9,3.3,290,44,28,23,23
20210109,-12.2,2.6,270,46.3,43,27,30
20210110,-7.7,1.3,290,54.4,28,39,41
20210111,-6.7,1.9,50,62.1,59,35,54
20210112,-3.9,1.8,50,79.5,159,101,72
20210113,2,2.4,50,80.3,162,131,112
20210114,1.7,2.3,70,46.5,87,43,83
20210115,4.5,3,50,67.4,110,80,86
20210116,-4.9,3.3,290,59.3,59,28,52
20210117,-5.5,2.3,270,58.5,50,50,22
20210118,-3.8,3.2,290,64.3,67,68,42
20210119,-6.3,1.8,290,37.9,50,31,38
20210120,-0.1,2.2,50,37.8,72,28,52
20210121,4.5,2.3,70,64.4,83,47,62
20210122,5.5,1.7,50,92.9,68,78,53
20210123,7.6,4.2,70,66,53,76,9
20210124,7.3,2.1,70,63.9,77,86,15
20210125,7.9,1.9,70,62,89,62,28
20210126,5.3,1.9,50,80.4,71,86,56
20210127,1.7,2.2,270,47.6,94,76,45
20210128,-2.6,4,270,52.3,46,48,44
20210129,-8.8,3.5,270,40,61,51,28
20210130,-1.6,2.5,50,60,78,88,59
20210131,3.2,2,70,57,73,73,64
20210201,5,2.7,50,74.5,45,76,76
20210202,-5.6,3.9,270,44.1,37,35,36
20210203,-3.2,2.2,200,64.6,59,60,40
20210204,-3.6,2.5,270,50.1,34,55,30
20210205,1.4,2.4,200,71.8,92,62,34
20210206,6.8,2.2,200,80.4,77,95,81
20210207,3.6,2.9,270,67,40,51,92
20210208,-3.1,3.4,290,43.6,57,34,32
20210209,-0.9,2,250,51.9,71,52,28
20210210,3.4,2.1,230,75.1,95,56,46
20210211,5.5,1.3,70,71.5,93,57,84
20210212,6.5,1.7,20,60.6,112,40,98
20210213,7.6,1.5,20,50.6,98,26,97
20210214,9.5,1.7,70,47.6,50,29,94
20210215,1.2,4,250,65.1,18,29,64
20210216,-5.1,3.2,270,57.9,28,22,30
20210217,-8.3,5,270,44.1,20,39,54
20210218,-5.8,3.1,270,44.9,52,36,51
20210219,1.6,2.9,200,66.9,81,66,58
20210220,8.8,2.1,200,60.4,74,83,82
20210221,10.8,2.8,50,66.6,117,87,88
20210222,7.8,2.9,290,58.3,60,86,63
20210223,0,2.9,290,34,44,39,60
20210224,2.9,1.8,50,33,51,27,60
20210225,4.2,1.4,50,35.1,68,29,65
20210226,8.2,2.3,50,35,75,54,42
20210227,9.5,3.4,90,48.6,65,56,20
20210228,7.8,2.1,50,49,72,46,28
20210301,4.7,3.5,50,91,16,36,16
20210302,2.3,1.9,50,75.9,62,53,14
20210303,4.4,1.8,20,64.4,84,42,50
20210304,7.2,1.9,50,62.4,88,47,58
20210305,9,2.1,250,70.3,93,56,50
20210306,6.6,3.3,50,69.5,34,50,36
20210307,6.2,2.8,50,62.9,57,49,30
20210308,7,1.8,270,60.3,89,53,51
20210309,6.6,2.2,250,58.5,131,87,56
20210310,8.8,1.8,50,61.8,85,125,103
20210311,10.2,1.8,270,50.8,74,76,126
20210312,10.5,2.2,50,57,75,73,74
20210313,9.2,2.2,270,62.8,67,79,64
20210314,9.1,2.2,250,71.4,92,90,92
20210315,10.6,2.4,230,68.8,581,74,100
20210316,8.4,3.2,290,52.5,141,90,102
20210317,8.8,1.8,50,44.9,119,57,100
20210318,11.7,1.8,50,50.1,72,71,106
20210319,15.3,2.2,70,47.9,75,75,76
20210320,9.9,2.2,110,74.6,62,58,38
20210321,5.8,4,270,65.9,30,70,52
20210322,6.2,3.2,250,55.3,118,106,45
20210323,9.1,2.5,200,63.5,80,112,90
20210324,10.8,2.4,270,61.5,75,81,74
20210325,11.9,2.2,270,68.5,95,82,77
20210326,12.6,1.4,250,58.4,102,88,124
20210327,12.1,2.5,70,70.9,93,32,82
20210328,9,3.3,200,95.8,367,300,19
20210329,10.2,3.3,250,62.3,91,298,298
20210330,10.8,2.2,270,47.3,113,79,148
20210331,14.5,1.8,50,41,137,60,49
20210401,17.7,3.5,50,33,75,64,48
20210402,17.8,3.2,70,35.6,83,73,52
20210403,14.9,3.1,50,80.8,34,42,42
20210404,11.9,3.2,50,65.8,48,59,10
20210405,11.9,2.4,20,47.9,68,51,26
20210406,13.9,2.5,250,50.9,61,58,49
20210407,14.1,2.5,250,47.5,69,66,64
20210408,13,2.7,270,34,58,50,39
20210409,13.6,2.7,50,39.3,59,57,38
20210410,12.6,2.6,250,50,76,62,40
20210411,15,1.7,20,45.4,67,44,53
20210412,13.8,2.4,70,70.4,64,15,50
20210413,10.4,3.7,270,74,16,39,20
20210414,8.4,2.9,270,58.5,54,47,39
20210415,11.6,2.1,270,62.3,132,51,61
20210416,11.3,2.6,200,60,208,141,82
20210417,9.6,2.6,230,56.6,40,65,89
20210418,9.9,3.2,250,64.3,65,51,42
20210419,12.2,2.4,200,65.3,88,62,57
20210420,14.8,1.9,270,55.1,89,69,67
20210421,19.1,1.8,270,43.1,57,54,75
20210422,20.9,2.5,50,37.9,41,47,74
20210423,19,3.2,50,41.4,32,34,42
20210424,18.3,2.7,50,43,61,34,24
20210425,18.2,2.7,50,50,54,50,26
20210426,16.2,2.6,110,51.8,47,56,30
20210427,15.4,2.3,200,62.4,77,53,34
20210428,14.5,2.4,200,64.1,49,98,58
20210429,14.6,2.3,50,54.1,66,78,61
20210430,11.3,2.4,200,81.8,42,33,38
20210501,10.2,2.7,270,80.8,38,41,30
20210502,12.4,3.1,270,67.9,43,45,18
20210503,14.1,2.1,200,56.4,47,46,39
20210504,13.8,2.1,50,82.6,45,30,33
20210505,13.9,3.5,250,64.4,62,78,40
20210506,15.7,2.4,50,46.4,186,97,62
20210507,14.4,3.4,230,60.3,130,346,302
20210508,14.3,3.4,250,66.1,106,235,393
20210509,15.7,3.5,270,51.3,52,51,50
20210510,13.2,1.8,50,67.9,45,26,23
20210511,18.5,2.7,110,48.9,37,30,22
20210512,22,2.2,70,39.5,52,38,24
20210513,22.9,1.9,250,54.4,60,41,46
20210514,24.1,1.7,50,60.3,59,31,57
20210515,22.1,1.7,50,79.5,38,20,56
20210516,18.4,2.5,50,97.6,15,39,10
20210517,15.3,1.6,50,93,40,42,14
20210518,17.9,1.7,270,70.5,52,44,35
20210519,19.9,1.8,270,52.3,49,49,38
20210520,18.7,2.5,50,59.8,81,29,26
20210521,16,1.7,290,86.5,69,36,18
20210522,18.6,2.5,250,69.3,59,49,34
20210523,19.5,1.7,270,64.4,152,65,45
20210524,19.4,2.7,250,61,68,133,100
20210525,15.3,3.2,250,72.3,60,60,85
20210526,18,2.9,200,58.5,64,75,47
20210527,15.8,2.8,200,83,49,56,48
20210528,15.3,2.6,250,86,21,40,45
20210529,15.4,2.2,50,79.8,39,31,21
20210530,18.4,2.1,50,73,37,41,27
20210531,19.9,1.8,50,78.9,68,43,38
20210601,20.2,2.2,50,74.6,63,36,46
20210602,23.2,2.1,50,64.4,58,40,58
20210603,19.1,1.8,270,80.8,30,30,40
20210604,18.5,2.9,200,69.4,37,47,31
20210605,20.8,3.3,200,68.1,33,44,52
20210606,23,2.2,200,69.6,58,35,66
20210607,21.1,1.7,180,71.5,57,57,42
20210608,23.6,1.7,50,69.6,57,46,51
20210609,25.8,1.6,50,59.1,50,17,44
20210610,24.9,2.2,50,68.5,29,19,56
20210611,21.5,2.8,230,84.5,38,42,25
20210612,24.2,1.8,270,74.6,64,46,28
20210613,24.8,2,250,72.6,68,36,34
20210614,24.8,2.1,250,68.8,42,31,48
20210615,22.5,2.3,50,79.1,18,22,33
20210616,24.3,3.6,50,59.9,44,28,14
20210617,21.9,2.4,50,71.4,22,26,22
20210618,20,2.5,200,92.1,27,48,24
20210619,22.3,1.8,270,74,42,59,56
20210620,22.9,2.8,230,73.3,34,52,57
20210621,23.6,2.2,270,67,56,48,50
20210622,22.8,2.1,50,67.9,34,50,28
20210623,22.4,2.4,50,70.5,42,44,20
20210624,23,1.9,50,71.1,63,43,36
20210625,24.1,2,270,69,76,39,47
20210626,22.8,1.8,50,78.5,51,44,26
20210627,24.5,2,50,72.1,59,40,22
20210628,23.7,1.9,50,76.4,63,33,22
20210629,23.9,1.8,50,78.6,46,35,32
20210630,24.3,1.3,20,77.9,46,36,46
20210701,26.3,1.8,50,70.9,27,36,42
20210702,27.1,2.3,50,64.1,34,30,27
20210703,22.6,3.6,50,80,22,23,16
20210704,21.4,2.3,70,96.8,26,19,15
20210705,23.3,1.4,290,80.3,44,38,29
20210706,25.3,1.6,50,73.4,33,28,50
20210707,26.4,1.5,290,78.5,69,26,57
20210708,26,2,270,81.6,40,32,33
20210709,25.5,1.9,270,77.3,44,30,21
20210710,25.9,2.4,200,80.4,55,33,37
20210711,25.7,2.2,200,86.8,41,38,43
20210712,28.1,1.6,50,75.1,19,36,32
20210713,28.8,1.7,50,76.1,33,31,41
20210714,29.7,2.2,200,71.4,28,40,27
20210715,29.1,2.1,50,71.1,37,24,24
20210716,28.8,2.2,50,68.4,32,15,21
20210717,29.1,2.3,50,63.1,23,25,19
20210718,29.6,2.1,110,62.5,33,33,22
20210719,26.4,1.9,50,80.1,33,23,22
20210720,27.9,1.5,50,75.8,24,24,24
20210721,30.5,1.7,50,64,29,24,26
20210722,31.2,2,50,59.8,35,30,29
20210723,31.2,1.8,70,61.8,42,36,37
20210724,31.7,1.7,140,57.4,52,46,37
20210725,31.5,2,140,55.8,41,43,28
20210726,31.2,2.4,90,54.9,41,30,29
20210727,31.1,2.1,50,60.5,21,27,29
20210728,30.4,1.9,50,67.4,41,45,38
20210729,29.6,2,270,69.9,25,27,46
20210730,30.5,2.1,140,63.1,6,19,30
20210731,29.8,2.5,200,69.9,36,25,25
20210801,27.1,1.3,360,81.8,12,34,40
20210802,26.5,1.6,200,82.6,23,23,20
20210803,28,1.8,50,76.9,35,30,27
20210804,28.9,2,200,70.6,47,23,25
20210805,29.4,2.1,270,68.1,52,21,25
20210806,28.1,2.1,50,68.4,34,22,19
20210807,28,2.1,270,65,64,24,17
20210808,26.8,1.7,50,74.8,61,43,23
20210809,28.3,2.3,50,62.4,31,54,16
20210810,27.7,2.3,70,62.5,40,46,21
20210811,27.4,2,50,70.3,55,44,39
20210812,26.8,1.8,50,67.1,28,44,37
20210813,26.6,2,50,70.4,35,29,29
20210814,26.1,3,50,63.9,32,41,16
20210815,26.9,2.3,50,59.6,25,35,18
20210816,27.3,2.3,50,61.1,39,24,23
20210817,25.9,2.4,50,65,25,31,22
20210818,24.3,2.8,50,69.6,37,24,19
20210819,26,2.6,50,57.1,29,20,18
20210820,26.6,2.3,50,63.6,30,24,24
20210821,23.8,2.7,50,88.1,34,32,23
20210822,24.4,2.1,250,81.5,47,47,28
20210823,22.4,2,50,89.3,46,21,36
20210824,23.4,2.9,50,93.6,24,16,19
20210825,25,1.8,160,85.5,32,49,21
20210826,25.5,2.5,230,84.9,26,44,48
20210827,22.4,1.3,290,83.5,41,36,36
20210828,23.6,1.8,270,80.4,36,35,45
20210829,23.7,1.6,270,82.6,41,25,42
20210830,24.2,1.4,270,77.5,38,33,46
20210831,20.5,2.3,50,93.3,29,19,37
20210901,21.4,2.9,50,83.1,34,32,9
20210902,23.5,2.1,50,70.3,41,37,17
20210903,24.3,2.4,70,60.3,44,29,17
20210904,23.2,2.7,50,57,41,28,12
20210905,23.1,3.2,50,61.1,27,16,14
20210906,22.3,3.2,70,70.1,12,10,19
20210907,19.6,2.3,50,98.1,20,19,14
20210908,22.2,1.7,270,81.3,49,28,15
20210909,23.5,1.5,20,76.5,46,36,40
20210910,23.6,1.9,20,76,67,34,41
20210911,24,1.7,20,73.1,73,29,36
20210912,24.2,1.8,270,64.6,65,36,21
20210913,24.8,2.4,50,67.1,38,31,25
20210914,24.6,2.6,50,63.3,26,35,20
