Date,Temperature,W_speed,W_direction,Humidity
20140101,4,3.7,12,51.3
20140102,1.5,2,13,35.4
20140103,2.3,2.5,2,54.4
20140104,-0.1,2.4,12,47.1
20140105,-0.8,1.9,12,48.4
20140106,0.8,1.6,2,50.4
20140107,3,1.7,1,56
20140108,0.5,3.3,13,56.6
20140109,-7.8,3.6,13,26.3
20140110,-4.7,2,12,48.6
20140111,-1.7,1.9,13,44.1
20140112,-2.4,3.4,14,43.5
20140113,-6.2,2.9,13,26
20140114,-4.3,2.2,12,33.8
20140115,-2.9,1.7,12,42
20140116,0.1,1.9,2,59.9
20140117,-0.1,1.6,12,55.9
20140118,-2.2,3.1,13,42.4
20140119,-2.6,1.9,1,44.8
20140120,-1.5,3.2,3,83.3
20140121,-5.5,2.4,13,62.6
20140122,-3.9,1.6,13,60
20140123,-0.8,2.1,2,65.6
20140124,3,2.6,2,64.4
20140125,4.2,2.4,13,74.4
20140126,-2.1,2.7,13,42.1
20140127,0.2,2.6,2,48
20140128,1.5,2.9,13,52.8
20140129,2.2,2.2,2,40.1
20140130,4,3,12,66.1
20140131,1.3,2.2,3,26.1
20140201,4.9,3.4,3,63.8
20140202,4.9,2,12,91.6
20140203,-3.5,4.3,14,38.5
20140204,-7.4,3.4,13,25.9
20140205,-4.8,2,12,27.5
20140206,-1.3,1.7,1,29.8
20140207,2.4,4.8,14,47.3
20140208,0.2,4.3,13,79.4
20140209,-1.6,2.7,13,76.5
20140210,-0.1,2.5,3,55
20140211,0.2,3.2,3,42.1
20140212,1.2,2.5,3,49.3
20140213,1.9,2.2,3,46.1
20140214,2.7,3.1,3,47.3
20140215,2.7,2.7,2,54.6
20140216,2.8,1.7,2,53.3
20140217,4.2,2,2,45.5
20140218,2.5,3.5,2,45.9
20140219,2.1,2.6,2,48.6
20140220,1.2,2.8,12,61.5
20140221,0.9,2.6,12,49.1
20140222,2.2,2.1,13,49.3
20140223,3.1,2.1,13,50.6
20140224,4.1,2.3,13,58
20140225,5.7,2,12,59.9
20140226,8.4,1.9,2,44.9
20140227,7.7,2.8,12,55.4
20140228,6.7,2.3,3,58.8
20140301,6,2.6,12,61.1
20140302,4.5,3,13,46.4
20140303,5.2,2,13,34.4
20140304,6.3,2.9,12,48
20140305,1.4,4.4,13,44.8
20140306,0.3,3.6,13,43.4
20140307,-0.6,3.8,12,45.9
20140308,2,2.5,12,55
20140309,1.4,3.6,13,56.4
20140310,1.5,3,12,50.4
20140311,4.5,2.8,11,65
20140312,6.9,1.5,1,75.8
20140313,5.2,4,3,54.5
20140314,3.4,3.6,12,54.6
20140315,6.8,4,10,66.8
20140316,11.3,2.3,10,68.3
20140317,12.6,3.5,10,79
20140318,10.5,3.5,12,75.3
20140319,9.6,2.9,3,65.5
20140320,6.3,3.2,13,71.3
20140321,5.9,3.4,12,52.5
20140322,8.6,2.5,11,63.5
20140323,9.6,3,11,63.6
20140324,10.9,3.5,10,60.5
20140325,14.6,2.7,10,75.9
20140326,15.4,2.8,11,64.6
20140327,13.5,2.8,11,68.9
20140328,16.6,2.6,11,57.3
20140329,15,2.5,3,73.4
20140330,14.9,3.1,3,63.5
20140331,14.5,2.3,12,49.3
20140401,15.6,2.4,11,33.8
20140402,15.5,2.7,12,30
20140403,10.2,3.1,12,63
20140404,6.6,3.4,13,52.6
20140405,6.2,3,12,60.5
20140406,7.4,4,11,50.6
20140407,10.3,3.4,10,64.9
20140408,11.9,2.6,12,60.9
20140409,10.3,3,12,85.3
20140410,12.5,2.4,11,71.5
20140411,13.6,2.8,12,69.5
20140412,14.3,1.7,13,68.8
20140413,17.2,2.2,3,54.9
20140414,16.3,2.7,12,53.3
20140415,12.9,3.2,12,80.1
20140416,14,1.8,10,81
20140417,14.7,1.9,2,67.4
20140418,15.9,2.6,2,59.9
20140419,14,4.5,3,56
20140420,14.6,3.4,3,54.4
20140421,15.1,3,13,55.1
20140422,16,2.8,12,43.1
20140423,17.2,2.5,13,49.4
20140424,18.6,2,12,49
20140425,19,2.2,2,32.5
20140426,18.7,2.4,12,38.9
20140427,15.6,2.3,2,86.6
20140428,13.6,4.6,3,91.6
20140429,15,4,2,69.5
20140430,16.1,2.1,2,62.1
20140501,16,3.2,11,60.5
20140502,15.7,3.6,10,70.9
20140503,13.1,3.9,12,54.6
20140504,12.3,3.8,10,57.8
20140505,11.3,5.1,11,56.5
20140506,13.1,3.4,10,45.9
20140507,15.7,3.8,2,48.3
20140508,14.5,4.2,11,83.9
20140509,16.8,2,12,60.8
20140510,20.5,2.1,3,43.4
20140511,18.9,3.4,3,54.4
20140512,16.4,5.2,10,79.1
20140513,19.2,4,11,69.9
20140514,19.6,3.5,12,59.1
20140515,18.2,4,12,66.9
20140516,19,2.9,12,50.3
20140517,20,2.3,13,48
20140518,20.3,2.4,11,50.1
20140519,20,2.3,12,55.1
20140520,21.5,2.2,12,45.4
20140521,20.1,3.7,12,65.3
20140522,20.9,2.5,12,63.4
20140523,22,2.9,10,68.4
20140524,21.3,2.3,12,68.8
20140525,20.5,2.4,7,78.9
20140526,19.4,4,11,67.4
20140527,22.8,4.2,10,49.5
20140528,24,2.5,12,60.8
20140529,23.2,2.8,11,54.6
20140530,24.8,2.1,13,42.5
20140531,26.2,2.6,11,50.3
20140601,24.7,1.9,12,58.1
20140602,22.6,2.2,3,73.5
20140603,18.7,3.5,3,95.3
20140604,22.8,4.3,3,61.5
20140605,22.9,2.9,3,58.8
20140606,24.4,2.4,2,58.9
20140607,23.5,2.4,12,65.1
20140608,21.4,3,11,75.3
20140609,22.9,2.3,13,70.8
20140610,23.6,2.1,3,72
20140611,20.5,1.9,1,87.1
20140612,21.2,2.8,2,73.9
20140613,21.3,2.9,10,79
20140614,22.5,3.3,12,71.6
20140615,23.2,3.3,12,69.9
20140616,23.9,2.5,12,66.4
20140617,24.5,1.9,11,71.8
20140618,24.4,3,12,71.3
20140619,22.5,3.5,11,79.3
20140620,24.2,1.6,13,76.5
20140621,23.1,2.7,3,80.9
20140622,23.7,1.8,2,74.4
20140623,21,1.4,2,91.4
20140624,22.9,2.4,11,74.6
20140625,23.8,2.3,12,74.1
20140626,24.4,2.4,12,68
20140627,24.1,2.8,12,74.8
20140628,23.8,3.8,12,71.6
20140629,24.1,2.1,9,70.3
20140630,25.3,2.7,12,68
20140701,26,2.1,12,67.8
20140702,25.7,2.5,13,77.3
20140703,22.6,2.8,2,85.5
20140704,26.8,2.4,3,62.1
20140705,25.7,2.1,12,70.4
20140706,25.7,2.1,6,65.8
20140707,27.1,2.3,12,61.4
20140708,25.9,1.9,12,73
20140709,27.6,2.2,3,78.3
20140710,28.9,2.9,13,57.9
20140711,27.1,4,11,63.4
20140712,25.3,3.2,10,74.3
20140713,25.4,3.3,11,73.4
20140714,26.4,3.3,11,70.8
20140715,26.8,2.4,10,69.4
20140716,26.6,2.7,12,68.4
20140717,25.9,3.1,11,75.9
20140718,26.1,2.6,10,80.5
20140719,27,2.4,12,79.8
20140720,27.9,2.6,12,75.8
20140721,27.3,3,10,73.9
20140722,25.9,4.4,10,83.9
20140723,23.6,3.2,10,90
20140724,21.9,2,3,92.8
20140725,27.5,2.9,7,81.9
20140726,22.6,6.4,10,86.1
20140727,25,1.9,9,75
20140728,26.6,1.9,2,71.6
20140729,26.5,2.5,8,68.4
20140730,28.6,2.2,10,70.6
20140731,28.6,2.1,2,75.9
20140801,30.2,2.6,3,63.4
20140802,31.4,3.9,3,55
20140803,26.5,4.2,3,87.6
20140804,26.4,2.1,2,93
20140805,26.6,3.2,10,87.5
20140806,24.4,2.2,12,92.4
20140807,24.7,1.5,12,91.1
20140808,26.1,3.8,3,62.3
20140809,26.5,4.6,3,48.4
20140810,23.4,2.6,2,79.4
20140811,23.7,2.2,12,78.4
20140812,25.8,2.7,12,77.8
20140813,24.2,2.1,2,75.3
20140814,22.3,2,2,78.6
20140815,24.9,1.7,12,72.9
20140816,26.1,1.8,13,73.9
20140817,24,1.9,2,81.1
20140818,22.3,3.1,3,90
20140819,22.3,1.5,3,96.6
20140820,24.8,1.1,1,86
20140821,23.1,2.4,2,96.5
20140822,24.7,3.1,11,83.4
20140823,25.2,2.7,10,79.5
20140824,25.6,1.3,2,75.5
20140825,25.9,3,3,71.8
20140826,25.4,2.5,3,71.4
20140827,24.6,2.8,3,66.8
20140828,25.1,2.2,2,65.3
20140829,25.2,1.8,2,71.9
20140830,24.6,1.9,3,71.6
20140831,24.1,1.4,2,68.6
20140901,24.1,1.5,2,72.5
20140902,23.1,2.5,3,73.6
20140903,19.1,3.4,3,99.8
20140904,22.4,2.5,12,79.4
20140905,23.8,2.1,11,76
20140906,25.2,1.8,13,66.9
20140907,25.3,1.6,2,72.1
20140908,24.8,2.5,12,75
20140909,23.3,2.1,12,66.5
20140910,22.4,1.5,12,60.6
20140911,23.3,1.8,3,61.1
20140912,21.3,2.1,2,74.9
20140913,23.1,2.3,3,60.9
20140914,23,2.3,3,60.6
20140915,23.1,2.2,12,64.9
20140916,21.3,2.1,13,43.8
20140917,20.2,1.5,12,52.3
20140918,20.6,2,3,56.5
20140919,21.4,1.7,2,55
20140920,21.6,2,3,52.5
20140921,20.2,1.4,2,61.6
20140922,21.4,2,2,57.5
20140923,23,2.5,3,52.1
20140924,20.3,2.6,2,77.9
20140925,22.2,1.7,3,66.9
20140926,21,2.6,3,78.1
20140927,21.4,2.6,12,79
20140928,21.7,1.1,2,85.5
20140929,19.4,1.3,1,99
20140930,18.9,3.1,3,72.5
20141001,19.2,2.6,3,68.6
20141002,18.1,2.2,12,89
20141003,16.1,2.9,12,74.3
20141004,16.9,3.4,3,62
20141005,17.1,3.1,3,53.1
20141006,16.6,1.7,3,57
20141007,16.1,2.4,2,64.8
20141008,16.7,1.5,2,61.5
20141009,18.6,2,14,60.4
20141010,19,3.6,3,63.3
20141011,19.4,3.1,3,57.4
20141012,21.2,1.9,3,48.5
20141013,17.4,4.7,3,51.9
20141014,13.8,2.2,2,51.8
20141015,13.8,2.4,2,60.4
20141016,13.2,3.1,12,53.8
20141017,13.6,1.9,1,53.8
20141018,15.5,1.7,2,68.9
20141019,17,1.7,2,61
20141020,14.4,2.6,3,97.8
20141021,13.8,3.4,3,92.8
20141022,13.6,3,2,69
20141023,13.8,2.1,3,67.8
20141024,15.1,1.8,2,78
20141025,16.5,1.9,2,81.1
20141026,16,2.8,10,76.9
20141027,10.7,3,12,35.3
20141028,10.2,1.4,12,43.4
20141029,12.1,1.7,2,46.4
20141030,14.2,1.5,2,45.8
20141031,15,2.4,3,62.1
20141101,17.3,2.2,12,63.4
20141102,12,4.8,12,50.5
20141103,9.3,3.1,12,40.9
20141104,11.3,1.9,12,60.5
20141105,12.4,1.9,12,65.6
20141106,13.5,2.1,13,61
20141107,9.8,1.9,12,52.5
20141108,9.9,1.4,1,61.9
20141109,10,2.3,13,46.3
20141110,9.4,1.7,2,49.9
20141111,9.4,1.9,2,67.4
20141112,6,5.4,12,50.6
20141113,-0.2,3.7,13,38.5
20141114,4.2,2.2,1,54
20141115,4.1,2.1,13,38.3
20141116,6.6,1.6,1,42.6
20141117,6.2,2.3,14,75.5
20141118,5,2.2,13,53.4
20141119,5.6,1.6,2,55.4
20141120,7.9,1.8,2,61.9
20141121,11.3,2.8,2,62.5
20141122,11,1.9,9,90.9
20141123,9,2,2,80
20141124,9.8,1.3,2,59.8
20141125,10.2,4.2,3,56
20141126,11,2.8,3,58.8
20141127,10.4,1.9,2,69.9
20141128,8.8,3.7,3,88
20141129,8.3,2.1,3,83.9
20141130,9.1,3.2,3,88.1
20141201,-1.1,6.1,13,58.8
20141202,-5.4,4.6,12,42.3
20141203,-3.3,1.9,12,70.6
20141204,-4.6,2.7,13,43
20141205,-6.6,3.6,13,45.5
20141206,-5.6,2.8,13,47.5
20141207,-3.4,1.6,2,43.9
20141208,-1.6,2.6,13,48.4
20141209,-2.4,1.5,13,44.1
20141210,1.6,1.9,9,58.8
20141211,-1.5,3.4,13,64.8
20141212,-3.8,2,12,70.4
20141213,-5.2,3.2,13,45.8
20141214,-3.6,1.5,2,60.5
20141215,-0.1,2.8,3,90.6
20141216,-4.9,4.9,13,58.9
20141217,-9,4.9,13,41
20141218,-8.3,2.3,12,39.9
20141219,-3.8,3.4,3,54.5
20141220,-1.7,3.8,13,66
20141221,-6.4,2.2,13,58.5
20141222,-4.7,2.2,2,64.6
20141223,-1.3,2.6,2,67.1
20141224,1.7,2.8,1,66.8
20141225,-2.6,2.5,12,52
20141226,-3.2,1.9,12,45.6
20141227,-1.8,1.7,1,46.8
20141228,-0.8,2.2,2,64.1
20141229,2.9,2.3,2,73.1
20141230,1.9,2.6,12,62.8
20141231,-1.9,3.8,13,47.4
20150101,-7.7,4.6,290,41.4
20150102,-6,3.2,270,45.9
20150103,-2.7,1.9,230,56.1
20150104,2.5,2,50,70.1
20150105,3.7,2.4,70,73.1
20150106,-3.2,4.3,290,52.4
20150107,-5.5,2.5,270,33.1
20150108,-5.1,2.2,270,45.8
20150109,-2.1,2,270,58.3
20150110,-0.3,2.3,270,56.5
20150111,-0.4,3.6,290,57.8
20150112,-2.7,1.8,270,37.8
20150113,0.2,1.8,50,39.6
20150114,2.5,1.5,20,41.1
20150115,2.8,2.1,270,53.6
20150116,0.8,4,250,73
20150117,-4.1,3.8,270,46
20150118,-1.3,2.3,50,68.4
20150119,-0.1,3.2,270,68.1
20150120,-0.9,1.9,50,55.8
20150121,2.6,2,70,58.3
20150122,3.1,1.5,270,60.6
20150123,1.2,2.6,50,66.4
20150124,3.7,1.8,290,62.9
20150125,3,3.5,70,78.4
20150126,3.6,2.6,270,87.5
20150127,-3.6,3.7,290,55.4
20150128,-4.1,2.3,70,49.3
20150129,-1.1,2.3,70,56.4
20150130,-3.3,3.8,290,51.8
20150131,-4.5,2.6,270,46.4
20150201,-3,1.9,290,44.9
20150202,-0.6,1.5,20,47.3
20150203,0.6,2.1,20,54.5
20150204,0.4,2,270,64.5
20150205,-0.1,3,270,57.1
20150206,0.4,2.2,290,57.3
20150207,1.2,2.6,250,65.3
20150208,-9.8,5.3,290,34.1
20150209,-5.7,3.1,270,54.6
20150210,1.7,2.8,250,69
20150211,2.7,2.5,270,60.3
20150212,-2.2,4.2,270,36.8
20150213,-1.6,3.1,270,46.4
20150214,2,2.2,20,72.9
20150215,7.9,2.9,70,61.6
20150216,5,3.5,70,91.9
20150217,1.9,3.5,290,78.5
20150218,0.8,2.5,270,72
20150219,2.2,1.6,290,67.1
20150220,5.2,2,50,55.3
20150221,5.7,3.4,70,79
20150222,3.5,4.1,270,78
20150223,0.9,3,270,60.4
20150224,2.1,2.3,270,60
20150225,5.4,2.9,50,48.6
20150226,1.2,4.9,270,56.9
20150227,-1.3,3.2,270,35.6
20150228,2.7,2,70,40.5
20150301,2.4,3.7,270,56.8
20150302,3.9,2.8,230,43.5
20150303,2.8,3.4,200,69.5
20150304,-2.1,5.3,270,43.4
20150305,-0.3,1.9,290,41.1
20150306,2.9,2.3,270,37.8
20150307,4.2,2.3,270,45.5
20150308,7.7,1.8,50,42.5
20150309,2.2,5.4,290,43.4
20150310,-3.4,5.9,290,30.6
20150311,0.4,4.5,250,45.1
20150312,2.1,4,250,41
20150313,5.6,3,270,45.4
20150314,4.3,2.3,250,31.4
20150315,5.5,2.2,270,42
20150316,9.8,2,270,44.4
20150317,10.7,1.8,50,51.9
20150318,10.7,4,70,61.5
20150319,12.4,2.5,70,50.9
20150320,13.4,2.5,270,32.5
20150321,11.7,2.7,250,31
20150322,8.3,4.2,270,33.3
20150323,4.6,4.2,290,24.3
20150324,5.4,2.6,250,32.8
20150325,6.5,2.5,270,45.9
20150326,7.9,3.1,270,47.5
20150327,9.1,2.6,270,50.5
20150328,9.7,2.8,270,35
20150329,10.5,2.5,270,61.9
20150330,13.2,2.6,270,57.4
20150331,12.9,2.2,70,80.6
20150401,12.9,4.1,70,67.9
20150402,14.8,5,70,70.5
20150403,10.6,2.8,270,83.4
20150404,13.5,4.3,70,48
20150405,10.5,2.5,70,75.1
20150406,10.3,2.7,290,55.8
20150407,8.4,2.6,50,59.5
20150408,8.3,2.9,70,52.5
20150409,9.6,2.3,50,43
20150410,11.6,2.8,270,40.5
20150411,13.5,2.5,270,39.3
20150412,14.9,2.9,70,30.6
20150413,12,5.9,70,53.9
20150414,6.9,2.7,50,89.9
20150415,11.1,2.9,250,72
20150416,9.9,3.6,250,69.5
20150417,10.5,3.7,230,45.4
20150418,15.2,1.9,70,31.9
20150419,14.5,3.7,70,74.8
20150420,12.2,3.2,50,75.3
20150421,14,2.9,270,46
20150422,14.2,3,270,47
20150423,14.5,3.5,230,41.1
20150424,15.7,3.2,270,38.3
20150425,15.9,2.7,270,31.3
20150426,17.3,3.3,50,37.6
20150427,18.5,2.8,250,39.3
20150428,20.3,2.1,70,38.6
20150429,17,2.9,70,77
20150430,21.2,2.2,70,56.6
20150501,21,2.5,270,58.8
20150502,20.7,2.1,250,64.4
20150503,18.3,2.1,50,90.4
20150504,16.1,4.2,270,45.9
20150505,14.2,3.4,250,37.9
20150506,15.4,2.4,230,36.3
20150507,16.5,2.6,50,35.6
20150508,16.7,2.5,250,64.3
20150509,17.6,3,270,55
20150510,19.1,2.3,270,39.6
20150511,18.4,3,90,62.1
20150512,13.3,6.4,230,75.9
20150513,17.4,5.3,230,56.9
20150514,20.4,3.3,230,63.8
20150515,19.1,2.7,270,71
20150516,18,3,250,41.3
20150517,18.6,2.2,290,40.4
20150518,17.7,3.2,50,53.9
20150519,14.8,3.6,230,88.9
20150520,16.3,3.1,270,60
20150521,18.7,3.7,230,50.1
20150522,20,2.9,270,45.3
20150523,20.6,2.5,250,38.5
20150524,21,2.4,270,37.3
20150525,20.8,2.7,250,53.1
20150526,21.5,2.7,270,48.9
20150527,23.2,2,270,32.9
20150528,24.3,2.2,270,27.1
20150529,23.8,2.5,270,36.8
20150530,19.8,2.9,270,71
20150531,22.1,2.2,250,52.8
20150601,21.7,2.6,270,44.6
20150602,23.1,2.7,270,46.9
20150603,23.3,3.8,290,33.3
20150604,24.2,2.6,270,28.9
20150605,19.1,1.7,160,58.8
20150606,22.4,2.3,50,50.4
20150607,23.4,2.3,270,46.8
20150608,22.4,2.3,270,54.9
20150609,22.2,2.9,270,66.3
20150610,25.3,2.2,290,54.3
20150611,24.6,2.8,160,59.6
20150612,23.6,3.8,230,63.1
20150613,24.7,3.2,230,61.9
20150614,22.8,2.7,290,70.3
20150615,24.2,2.2,290,65.6
20150616,25,2.4,250,65.9
20150617,23.4,2.6,50,72.8
20150618,24.8,2.7,70,59.4
20150619,24.5,2.9,70,57.8
20150620,19.6,1.8,50,91
20150621,22.4,2,250,69.1
20150622,24,2.4,270,60.4
20150623,24.7,2.3,270,64.1
20150624,25.7,2.5,270,58.3
20150625,24.8,2.1,50,65.1
20150626,21,3.3,50,75.8
20150627,25.2,2.2,50,55.3
20150628,25.4,2.6,270,61.8
20150629,25.7,2.8,270,61.8
20150630,24.4,1.7,270,70
20150701,23.7,3.8,250,66.3
20150702,23.7,4,230,64.5
20150703,23.3,3,270,62.6
20150704,24.1,2.2,50,55.8
20150705,24.2,2.3,270,57.4
20150706,25.3,2.2,270,54.3
20150707,25.6,2,50,52.1
20150708,23.4,4,70,69.8
20150709,26.5,2.9,70,61.3
20150710,29.2,1.9,70,60.9
20150711,30.4,2.1,50,60.3
20150712,24.8,4,70,94.1
20150713,23.1,5.2,230,90.8
20150714,26.1,3.5,230,72.4
20150715,27.9,2.9,70,58.8
20150716,24.7,5,70,51.3
20150717,23.6,3.6,70,49.8
20150718,24.3,2.2,70,63.5
20150719,25.1,1.8,50,77.4
20150720,27.5,2.4,70,71.4
20150721,27,1.6,270,81.6
20150722,27.7,1.8,270,76.9
20150723,26.9,2.1,230,81
20150724,24.7,2,230,96.9
20150725,25,3.2,230,95.1
20150726,26,2.6,230,85.5
20150727,26.2,2.3,290,86
20150728,27.7,2.7,250,74.4
20150729,26.7,2.6,200,82.9
20150730,28.6,3.5,230,76.4
20150731,27.9,2.7,200,74.3
20150801,28.2,3.1,230,72.8
20150802,26.5,2.7,230,84.3
20150803,27.9,3.8,200,71.5
20150804,27.5,4.5,230,73.3
20150805,28.6,3.7,230,67
20150806,29.3,2,270,64.5
20150807,28.9,1.4,50,71.3
20150808,26.6,2.1,50,79.1
20150809,26.7,2.1,20,74.4
20150810,27,2.3,270,72.1
20150811,26.8,2.1,270,73.6
20150812,27.3,2,20,67.5
20150813,26.5,1.9,50,68.6
20150814,26.9,2.4,290,66.4
20150815,27.1,1.9,50,70.4
20150816,25.8,2,50,74.9
20150817,26.6,2.2,50,61.5
20150818,27.9,2.5,70,59.9
20150819,26.8,1.8,50,70.3
20150820,25.4,1.7,50,75.5
20150821,25.2,2,270,78.3
20150822,25.5,2.5,230,69.8
20150823,26.3,1.7,50,65.5
20150824,26.3,3.8,70,60.6
20150825,21.7,3.2,50,76.4
20150826,21.9,2.9,320,68.4
20150827,24.7,3.1,250,61.1
20150828,23.2,1.7,50,69.4
20150829,24.4,1.7,270,65.8
20150830,24.9,1.6,20,65.9
20150831,25.9,1.9,70,62.9
20150901,25.9,3.4,70,59.4
20150902,23.9,2.1,70,72.8
20150903,23.9,2.3,270,75.1
20150904,24.8,2.2,270,68.5
20150905,21.9,2.1,70,79.8
20150906,22.2,3.7,70,60.4
20150907,22.6,2.4,70,52.9
20150908,22.7,3.2,70,43.6
20150909,22.4,2.9,50,42.9
20150910,22.4,2.4,270,62.3
20150911,21,2.1,270,76.4
20150912,19.2,1.9,270,60.4
20150913,20.2,2.6,290,54.1
20150914,22.1,1.6,50,61.1
20150915,22.8,2.2,50,48.5
20150916,21.6,2.5,70,45.5
20150917,21.4,3.1,70,46.4
20150918,21.9,2.4,70,52.1
20150919,22.3,2.4,270,58.3
20150920,22.1,2,290,69
20150921,22.6,1.5,20,62.1
20150922,23.9,1.8,70,48.4
20150923,22,1.7,50,57.9
20150924,23.4,1.9,20,56.4
20150925,23.4,2.5,70,56.5
20150926,22.4,1.8,270,54.5
20150927,21.9,1.9,50,39.4
20150928,21.4,1.6,90,39.6
20150929,22.1,2.3,70,36.6
20150930,21.3,2.6,90,45.3
20151001,16.3,3.6,70,77.5
20151002,16.5,3.7,230,53.5
20151003,19.2,3.8,230,49.4
20151004,16.6,1.8,50,38.9
20151005,18,1.9,20,49.4
20151006,18.7,1.9,20,57.5
20151007,19.6,1.4,290,67.5
20151008,20.1,2.3,270,61.1
20151009,16.2,3.7,270,43.8
20151010,12.8,2.2,70,70.9
20151011,10.8,2.4,230,72.6
20151012,12.3,2.7,290,56.5
20151013,15,2.5,250,66.4
20151014,17.1,1.6,290,64.6
20151015,17.9,1.8,50,62.1
20151016,17.5,1.8,270,71
20151017,18.7,1.7,50,64.8
20151018,17.9,1.3,270,65.1
20151019,18.1,2,70,67.4
20151020,18.8,1.6,270,69.5
20151021,17.9,1.6,270,72.5
20151022,17.5,2.2,70,64.8
20151023,17.5,2.4,230,69.1
20151024,16.9,2.5,320,64.4
20151025,16.3,2.1,70,51
20151026,15,2.4,70,66.8
20151027,12.1,3.2,290,69.3
20151028,9.9,2.5,270,49
20151029,8.4,2.4,250,50.4
20151030,5.4,2.6,290,41.8
20151031,5.7,2.1,290,42.5
20151101,7,1.6,50,48.4
20151102,10.8,1.6,250,60.5
20151103,11.8,1.4,290,67.6
20151104,12.2,1.6,270,62
20151105,13.2,1.7,20,63.9
20151106,13.5,4.7,70,63.9
20151107,10.5,6,70,91.5
20151108,11.1,5.2,70,90.6
20151109,10.8,2.1,290,87.6
20151110,10,1.8,270,80
20151111,11.6,1.6,70,72.4
20151112,14.5,2.8,70,63.5
20151113,11.5,4,70,83.8
20151114,12.8,1.4,70,97.3
20151115,13.4,1.8,270,84.5
20151116,12.2,2.8,70,85.1
20151117,13.9,1.8,290,69.6
20151118,10.4,5.1,70,70.6
20151119,8.9,2.6,70,72.8
20151120,9.8,1.5,320,72.6
20151121,9.2,1.8,290,55.9
20151122,10.2,2.4,70,66.5
20151123,8.5,3.3,70,80.9
20151124,5.6,3.1,70,69.5
20151125,2.4,2.7,70,86.8
20151126,-2.7,3.7,290,63.8
20151127,-2.8,2.6,290,59.1
20151128,0.1,2.1,50,70.8
20151129,2.5,3.3,70,87.9
20151130,4.1,2,290,69.1
20151201,4,1.9,50,57.8
20151202,6,3.2,270,71.4
20151203,-0.7,4.1,270,79.3
20151204,-0.4,2.8,270,63.9
20151205,3.4,3.1,250,51.4
20151206,1.3,1.2,290,46.4
20151207,1.9,1.8,290,51.1
20151208,2.9,1.3,290,55.9
20151209,5,2.3,110,57.4
20151210,7.8,2.3,110,74.8
20151211,6.4,3.4,70,56.5
20151212,5.2,2.6,20,50.1
20151213,5.2,1.4,20,50.5
20151214,5,2.2,20,75.6
20151215,4.7,2.8,270,69.8
20151216,-1,3.9,20,50.9
20151217,-4.6,2.7,50,43.4
20151218,-3.3,2.2,110,61.9
20151219,-0.1,1.7,140,66.3
20151220,1.5,1.5,90,56.9
20151221,2.2,2.5,110,76
20151222,3.1,2.4,110,67.9
20151223,5.9,2.1,160,59.6
20151224,1.5,2.3,270,67.5
20151225,-0.8,2,270,46.3
20151226,0.9,2.4,70,73.3
20151227,-5.7,2.9,360,39
20151228,-5.7,2.3,70,38.4
20151229,-3.2,1.4,70,47.6
20151230,0.3,2.5,160,67.6
20151231,0.7,1.5,50,81.3
20160101,1.2,1.6,90,73
20160102,5.7,2,320,76.9
20160103,6.5,1.8,320,80.6
20160104,2,3.1,320,54.4
20160105,-2.7,2.3,20,39.4
20160106,-1.7,1.8,320,54.3
20160107,-3.4,2.5,20,51.8
20160108,-3.3,2,290,49.8
20160109,-2.1,2.1,360,57.1
20160110,0.3,2.6,50,42.3
20160111,-3.8,2.8,50,38.3
20160112,-5.2,2.5,50,46
20160113,-4.5,2,50,63
20160114,-3.4,1.7,230,52.1
20160115,-0.4,1.8,160,52.3
20160116,-0.2,2.9,90,68
20160117,1.7,2.4,90,64
20160118,-6.3,4.8,340,59.8
20160119,-12.8,5.4,340,45.9
20160120,-10.5,1.8,50,43.6
20160121,-7.1,1.8,320,44.3
20160122,-7.6,2.6,320,40.5
20160123,-11.5,4,340,42
20160124,-14.4,3.2,340,48.5
20160125,-9.4,1.9,320,47.1
20160126,-3.3,2.3,90,64.5
20160127,-1.1,2,340,56.3
20160128,-0.5,1.6,110,51.5
20160129,1.9,2.3,90,43.6
20160130,0.6,2,320,59.5
20160131,-3.9,3.2,320,34
20160201,-6,3,320,36
20160202,-5.3,2.2,340,41.8
20160203,-2.4,1.9,70,49.6
20160204,-0.7,2.4,320,50.1
20160205,-2.2,2.5,320,39.4
20160206,-3.1,2.9,320,38.6
20160207,-2.9,2,320,46.5
20160208,1.3,3.1,270,62.1
20160209,0.3,3,320,52.5
20160210,2.7,1.6,90,38.5
20160211,8.1,3.5,110,29.3
20160212,8.4,3.2,110,95.3
20160213,11,3.3,140,95
20160214,-2.6,4.6,320,73.1
20160215,-5.8,4,340,48.4
20160216,-2.7,2.7,320,65.6
20160217,0,2.3,320,53.9
20160218,3.5,3.2,270,66.4
20160219,2.3,1.7,290,56.4
20160220,1.3,2.9,340,37.1
20160221,-0.6,2.9,320,36.4
20160222,1.1,1.9,270,36.6
20160223,0.7,3.2,340,56
20160224,-3,2.9,340,42
20160225,-0.2,2.7,320,49.9
20160226,2.2,2.2,290,41.3
20160227,3.3,2,320,57.6
20160228,0.7,2.1,90,65.5
20160229,-3.8,4,320,48.6
20160301,-2.7,2.5,320,47.3
20160302,3.1,2.9,270,67.9
20160303,8.1,1.9,200,65.1
20160304,13.2,2.7,110,55.3
20160305,11.3,2.6,110,91.3
20160306,7.9,2.8,320,51
20160307,8.1,2,110,36.9
20160308,2.7,3.1,340,40.4
20160309,0.3,3.5,340,37.5
20160310,-1.1,3.2,340,37.8
20160311,-0.5,2.6,320,43.8
20160312,2,2.5,270,55.6
20160313,3.7,1.6,20,68.1
20160314,4.7,2.6,320,57
20160315,5.2,2.2,320,43.4
20160316,7.5,2,320,45.1
20160317,9.3,1.4,70,40.9
20160318,13.4,2.4,110,50
20160319,11.4,2.5,320,58.3
20160320,10.6,2.2,320,54
20160321,9.9,2.2,320,54.1
20160322,8,2.5,320,58.1
20160323,8.2,2.9,340,49.6
20160324,7.2,2.4,320,36.5
20160325,7.1,2.2,320,43.9
20160326,6.5,2.2,320,54.5
20160327,7.2,2.6,320,55.6
20160328,9.8,2,290,47.8
20160329,11.3,3.2,270,57.8
20160330,11.5,2.2,320,49.9
20160331,13.5,2.1,90,27
20160401,15.3,2,320,26
20160402,15,2.3,320,40.8
20160403,10.7,1.7,70,75.1
20160404,12.3,2.2,320,42.6
20160405,11.4,2.5,290,45.1
20160406,14.4,1.9,90,44.3
20160407,14.1,3,290,69.5
20160408,11.1,2.5,320,76.1
20160409,10.7,1.8,250,83.9
20160410,13.4,2.1,290,71.3
20160411,12.5,2.4,320,43.8
20160412,14.1,2.3,320,42.6
20160413,15.6,1.7,320,67.5
20160414,12.4,2.6,320,75.9
20160415,15,2.6,320,46.4
20160416,14.9,2.9,110,58.9
20160417,10.8,4.7,270,66.8
20160418,11.2,3.1,290,65.4
20160419,12,2.2,320,55.1
20160420,14.3,2.1,90,54
20160421,13.5,2.8,110,87.6
20160422,13.5,2.6,320,83.4
20160423,13.5,2.1,320,52.1
20160424,15.5,1.9,320,39.6
20160425,17.2,1.7,70,34.8
20160426,21.1,2,110,34.8
20160427,17.2,3.6,110,32
20160428,17.2,2,90,34.4
20160429,16.2,2.5,270,47.6
20160430,15.9,2.8,270,45.3
20160501,18.8,2.2,250,40.5
20160502,21.1,2.2,200,64.5
20160503,12.9,4.9,270,86.1
20160504,15.7,5.1,290,46.6
20160505,18.9,1.7,320,50.8
20160506,16.3,2,320,89.3
20160507,16.5,2.6,290,60.3
20160508,19.4,2.1,90,44.8
20160509,20.2,2,340,43
20160510,14.5,2.3,20,82.4
20160511,16.4,2,290,60.9
20160512,17.8,2.7,230,62.4
20160513,18.6,2.1,270,57
20160514,20.2,2.3,20,47.1
20160515,17.4,2.7,270,73.9
20160516,15.9,3.2,250,57
20160517,19.3,1.9,290,48.8
20160518,22.3,1.9,290,40.3
20160519,24.3,1.6,290,36.4
20160520,24,1.8,20,32
20160521,24.1,2,70,23.8
20160522,24.7,1.9,50,35
20160523,23.3,2.1,50,43
20160524,16.8,2.6,250,82.6
20160525,19.7,2.7,230,67.9
20160526,19.4,1.8,270,72
20160527,20.9,1.7,270,61.3
20160528,21.7,2.1,250,56.1
20160529,21.5,2.3,270,56.1
20160530,22.1,2.4,270,57.3
20160531,21.6,2.5,270,63.6
20160601,23.3,2.1,50,45.8
20160602,23.2,2.4,50,38.3
20160603,22.2,2.2,270,48.1
20160604,21.2,1.6,270,51.8
20160605,24.7,1.7,70,47.3
20160606,23.3,2.3,110,49.1
20160607,21.7,1.7,270,69.5
20160608,22.1,2.3,270,65.9
20160609,24.1,2,270,59.5
20160610,24.6,2.2,270,60.9
20160611,23.5,1.7,250,74.3
20160612,23.5,2.1,250,79.4
20160613,23.5,2.4,270,70.5
20160614,23.8,2.1,230,62.5
20160615,20.9,2.7,200,81.8
20160616,20.9,2.8,200,73.5
20160617,23.8,2.5,230,63.1
20160618,24.5,1.8,270,58
20160619,24.1,1.9,270,64.5
20160620,24.7,1.7,250,66
20160621,26,1.7,270,60.1
20160622,24.3,2,50,75.1
20160623,24.7,2.1,50,71
20160624,23.1,2,270,75.8
20160625,22.8,2.8,270,63.1
20160626,24.4,2.7,270,58.4
20160627,24.4,1.6,270,55.5
20160628,24.7,1.8,270,61.1
20160629,25.3,2.2,200,58
20160630,24.6,2.8,200,78.1
20160701,24,2.3,200,86.5
20160702,23.5,2.4,270,81.4
20160703,23.5,1.6,140,70.4
20160704,21.8,3,70,85.1
20160705,23.1,2.8,230,93.6
20160706,22.9,1.9,200,74
20160707,24,1.3,250,71.6
20160708,27.3,1.8,290,66.5
20160709,27.7,2,270,64.8
20160710,27.9,1.8,270,64.4
20160711,28.4,1.7,50,67.4
20160712,26.3,2.1,270,65.5
20160713,26.3,2.1,270,69
20160714,27.5,2.1,200,66.9
20160715,26.2,2.6,70,60
20160716,20.8,3.5,50,92.8
20160717,21.7,2.6,200,82.9
20160718,24.4,1.5,290,75.1
20160719,27.1,1.5,20,65.5
20160720,28.6,1.9,50,62.5
20160721,28.3,2.2,90,61.3
20160722,29.1,2.2,90,64
20160723,28.7,1.9,250,70.4
20160724,28,2,270,77.9
20160725,28.4,1.9,270,75.3
20160726,28.4,2.6,230,69
20160727,27.6,3.2,200,76.4
20160728,28,2.8,230,70.6
20160729,26.3,1.6,50,82.3
20160730,28.6,2.1,200,73.5
20160731,28.9,1.6,270,72.1
20160801,28.4,1.6,20,72
20160802,27.2,1.2,270,72.5
20160803,29.1,1.6,50,65.4
20160804,30.7,1.6,50,59.6
20160805,31.2,1.8,50,60.1
20160806,30.5,1.7,270,64.8
20160807,30.6,1.9,270,56
20160808,30.5,1.8,320,63.1
20160809,29.3,1.9,70,68.3
20160810,29.4,1.9,270,66.3
20160811,30.5,2,270,64.1
20160812,30.4,2,270,68.3
20160813,30.2,2.4,270,67.9
20160814,28.9,1.9,290,74
20160815,29.1,1.9,270,65.5
20160816,29.3,1.6,290,64.9
20160817,29.9,1.9,290,60.4
20160818,29.9,1.6,50,61.9
20160819,28.9,1.4,50,69.5
20160820,30.1,1.7,70,59
20160821,30.7,2.1,50,57.5
20160822,30.7,2.1,50,58
20160823,28.3,2.1,50,68.8
20160824,29.1,1.8,290,59.1
20160825,27.1,1.9,270,70.4
20160826,23,3.6,70,57
20160827,23.4,3.1,70,43.3
20160828,21,2.6,20,62.5
20160829,22.2,2,290,54.5
20160830,20.6,3.3,270,60.4
20160831,17.7,3.8,250,85.3
20160901,23.2,3.1,200,71.3
20160902,24.2,2.7,70,68.5
20160903,23.9,1.8,50,73.8
20160904,25.6,1.5,50,71.3
20160905,26.4,1.7,270,66.1
20160906,24.7,1.8,270,69
20160907,24.3,1.8,270,69.8
20160908,23,1.3,270,76.4
20160909,23.9,1.8,20,71.1
20160910,24.4,1.6,20,65.4
20160911,24.5,1.7,70,66.3
20160912,23.4,1.9,50,68.9
20160913,24.6,1.8,70,62.5
20160914,24.6,1.8,200,66.1
20160915,23.9,1.3,270,68.1
20160916,24.6,1.5,290,64.9
20160917,23.1,2.9,70,64.8
20160918,23.5,3.1,70,53.4
20160919,21.9,3.5,50,53.3
20160920,20.6,3.1,50,41.1
20160921,20.2,2,70,43.4
20160922,21.9,1.8,70,46.3
20160923,21.4,1.6,50,57.9
20160924,22.3,1.6,20,60.6
20160925,23,1.2,270,57.6
20160926,23.6,1.8,50,59.1
20160927,21,1.3,50,82.5
20160928,19.9,1.3,270,84.6
20160929,20.4,3,70,64.4
20160930,20.5,1.6,50,66.9
20161001,21.1,1.2,50,69
20161002,19,2.7,70,84.1
20161003,22.7,2.7,270,73.3
20161004,22,2.4,70,58.9
20161005,21.1,3,70,61.9
20161006,18,2.6,290,59.3
20161007,19.7,2.6,70,67.8
20161008,16.8,2.9,270,66.4
20161009,11.3,2.9,320,46.3
20161010,14,1.6,50,43.3
20161011,15.4,1.8,270,62.4
20161012,15.5,2,290,57
20161013,15.2,1.4,270,44.1
20161014,16.7,1.3,20,61.8
20161015,19.1,1.3,50,60.6
20161016,17.2,1.5,70,74.1
20161017,17.5,1.4,270,76.1
20161018,17,1.4,50,70.9
20161019,18,1.5,20,67.6
20161020,18.6,1.8,50,61.3
20161021,17.9,3,70,58.6
20161022,18.3,1.8,50,59
20161023,13.3,4,50,66.3
20161024,15.1,2.4,50,54.8
20161025,14.1,2.2,70,84
20161026,13.3,1.4,270,81
20161027,14.6,1.9,50,65.4
20161028,14.6,2.5,290,61.8
20161029,7.8,3,320,40.3
20161030,7.9,1.5,270,31.9
20161031,5.7,2,290,59.9
20161101,1.5,2.7,290,43.6
20161102,4.1,1.4,250,53.1
20161103,9.1,1.6,250,62.8
20161104,12.3,2.7,180,67
20161105,15,2.2,200,77.4
20161106,14,3.4,50,59.4
20161107,12.8,2.8,50,71.3
20161108,4.1,3.5,290,58
20161109,2.1,1.9,270,41.1
20161110,6,2,50,55.5
20161111,9.1,2.2,250,63.3
20161112,11.4,2.3,200,62.1
20161113,14.4,1.7,50,74.8
20161114,13.2,1.7,50,78.5
20161115,5.2,2.8,290,44.3
20161116,5.2,1.4,290,44.3
20161117,9.1,1.2,20,56.4
20161118,10.3,1.9,50,58.4
20161119,13,2.2,270,71.1
20161120,9.8,2.5,270,48.6
20161121,9.5,2.2,70,40.5
20161122,2,3.9,270,43.3
20161123,-1.8,3,290,37.5
20161124,-2.5,2.1,270,37.8
20161125,1,1.5,290,43.9
20161126,0.9,2.3,50,69.6
20161127,3.3,1.5,20,81.3
20161128,1.4,2.5,290,57.9
20161129,1.7,1.6,270,40.8
20161130,6,2,230,59.8
20161201,4.1,3.6,250,47.6
20161202,1.6,1.8,290,48.4
20161203,4.5,1.4,20,58.8
20161204,5.5,1.2,20,60.1
20161205,5.9,3,270,69.1
20161206,-1.1,2.5,270,38.5
20161207,1.7,2.3,50,58.3
20161208,2.1,1.7,50,70
20161209,1.4,2.8,270,65.8
20161210,-1.6,1.9,270,47.6
20161211,-1.1,1.2,20,42.6
20161212,2.3,1.9,50,37.9
20161213,3.4,2,290,53.6
20161214,-1.4,2.7,270,68.1
20161215,-5,3,270,41.8
20161216,-4.7,2.2,270,40.3
20161217,2.7,1.8,20,60.1
20161218,4.9,1.9,50,68.8
20161219,7.2,2.5,50,66
20161220,7.6,1.2,20,71.3
20161221,7.9,3.5,50,75.5
20161222,5.5,3.5,250,90.3
20161223,-2.5,3.6,270,71.1
20161224,-2.4,1.8,20,66
20161225,1,1.7,50,69.5
20161226,2.5,1.4,360,73.8
20161227,-2.3,3.5,270,54.6
20161228,-3.7,1.8,270,49
20161229,-4.2,2.8,290,53.1
20161230,-3.9,1.3,20,50.9
20161231,0.7,1.5,20,65.4
20170101,2.7,1.5,20,75.9
20170102,5,2.1,20,77.8
20170103,2,1.8,270,61.8
20170104,3.9,1.7,270,55
20170105,3.8,3.1,50,52.3
20170106,5.4,2.4,50,58.5
20170107,4.6,1.4,50,64.9
20170108,6.5,2.6,70,61.4
20170109,1.5,3.3,270,60.8
20170110,-3.7,3.2,270,45.1
20170111,-3.8,2.1,270,36.4
20170112,-2.2,3.1,270,43.1
20170113,-6,2.9,270,47.4
20170114,-8.4,3.8,290,33.3
20170115,-6.6,2.3,270,35.3
20170116,-3.8,1.4,20,37.6
20170117,-2,1.5,20,46.6
20170118,-0.5,1.3,270,68.9
20170119,-1.2,1.6,270,55.4
20170120,-4.4,3,270,70.3
20170121,-5.2,1.6,20,78.1
20170122,-8.3,3.8,290,51.3
20170123,-8.9,2.2,270,48.4
20170124,-7,2,290,49.6
20170125,-5.2,1.5,270,50.6
20170126,-1.3,2.2,20,64.4
20170127,-2.6,3.4,270,47.3
20170128,-1.6,1.7,50,38
20170129,0.8,1.8,70,71.1
20170130,-4.8,3.3,270,61.4
20170131,-5.4,1.7,270,44.8
20170201,-4,2.5,290,44.5
20170202,-2.7,2.7,250,52.9
20170203,1.5,1.5,250,65.4
20170204,0.9,1.6,20,69.4
20170205,1.2,2.1,250,75.3
20170206,-1.7,3,290,51
20170207,-2,1.5,270,45.4
20170208,-2.2,2,270,50.1
20170209,-5.3,3.8,270,47
20170210,-6.6,4.1,270,44.3
20170211,-4.8,2.8,270,45.4
20170212,-2.2,2.1,270,51.3
20170213,0.1,1.6,270,59.6
20170214,0.3,2.5,290,46
20170215,1.8,1.4,360,52.1
20170216,5.5,2,20,63.9
20170217,0.8,3.9,270,56.9
20170218,-2.6,2.8,270,49.4
20170219,2.3,1.9,160,68
20170220,-1.5,4.2,290,53.8
20170221,-0.6,1.6,270,37.1
20170222,1.7,2.7,70,70.8
20170223,-1.5,3.8,270,56.4
20170224,-0.8,2.2,270,51.3
20170225,2.6,2.3,200,63.6
20170226,3.6,2.1,270,52.8
20170227,3.7,1.8,270,37.4
20170228,5.6,2,230,41.5
20170301,5,1.8,20,65
20170302,1.8,3.1,270,59.5
20170303,3.3,2.1,250,54.4
20170304,5.7,1.6,20,60
20170305,5.2,2.1,270,71.6
20170306,0.1,4,290,41.3
20170307,-1.3,3.9,270,37.5
20170308,-0.1,3.1,270,50.6
20170309,3.2,3.1,270,47.3
20170310,4.8,2.2,270,37.4
20170311,7.3,1.8,270,37.4
20170312,8.2,2,270,58.4
20170313,6.9,2.5,270,49.8
20170314,5.8,3.2,270,37.5
20170315,6.3,2.1,250,34.9
20170316,6.2,1.9,270,41.8
20170317,7.7,2,270,43.1
20170318,9.5,2.3,250,34.1
20170319,10.9,1.6,360,36
20170320,10.2,1.8,50,40.4
20170321,7.4,3.1,290,48.1
20170322,7.6,2.5,290,32.8
20170323,9.1,2.2,250,34
20170324,8.7,2.1,50,41.4
20170325,8.1,2.1,270,41.1
20170326,7.3,2.2,270,53.1
20170327,6.1,2.5,270,67.4
20170328,7.1,1.9,20,59.8
20170329,8.8,2.3,250,54.9
20170330,10.6,1.9,270,50
20170331,8.6,2.4,50,70.6
20170401,9,2.1,270,60.5
20170402,9,2.1,250,53.1
20170403,11.4,2.1,250,45.6
20170404,14.1,2,20,35.3
20170405,12,2.4,50,66
20170406,10.4,2.4,230,90
20170407,14.5,2.1,250,68.1
20170408,13,2.5,250,74.5
20170409,14.8,2.8,70,59.6
20170410,16.5,2.8,70,25.8
20170411,15.3,3.2,250,36.8
20170412,11.5,3.7,250,21.8
20170413,12.7,2.5,200,54
20170414,13,3.5,230,57.9
20170415,16.8,2.2,270,59.4
20170416,18.7,1.4,50,52.9
20170417,14.7,2.2,340,66.5
20170418,11.7,2.5,250,76.5
20170419,12.6,2.9,270,43.1
20170420,12.9,2.3,290,45.4
20170421,13.1,2,270,56.5
20170422,14.8,2.1,270,48.4
20170423,14.9,2.4,270,40
20170424,15.1,2.7,50,39.4
20170425,16,2.7,230,56.8
20170426,15.1,3.3,270,36
20170427,13.6,3.3,270,41.8
20170428,14.4,3,200,57.3
20170429,17.1,2.7,230,44.3
20170430,19.3,2.6,200,57.9
20170501,20.1,1.9,270,50.8
20170502,20.7,2.1,270,42
20170503,21.5,2,270,34.1
20170504,21,2,270,43.6
20170505,20.9,3.2,270,53.4
20170506,14.9,3.8,230,32
20170507,16.6,3.2,250,42.6
20170508,17.9,2.1,200,43.6
20170509,17.1,1.6,50,62.6
20170510,16.4,2.5,290,73
20170511,19.3,1.8,250,65.3
20170512,19.1,2.1,200,71.6
20170513,16.4,3.1,230,77.8
20170514,15.7,3.7,270,58.3
20170515,16,2.8,270,61.4
20170516,17.1,2,250,60.5
20170517,18.6,2.1,270,51.5
20170518,20.4,2.3,270,41.9
20170519,21.1,2.6,270,42.6
20170520,20.9,2.4,270,44
20170521,21.5,2.3,290,48.1
20170522,21.8,2,270,53.6
20170523,20,1.9,290,68
20170524,21.8,2,270,60.4
20170525,19.2,3.4,250,45.6
20170526,17.7,2.9,250,41.5
20170527,19.5,2.2,290,46.1
20170528,21.2,2.7,250,50.6
20170529,22.9,2.3,200,61.8
20170530,23.6,2.4,230,43.5
20170531,23.3,1.9,270,49.1
20170601,23.3,3.1,270,51.8
20170602,20.5,2.8,270,37.4
20170603,20.5,3,270,44
20170604,21.7,2.6,270,36.9
20170605,24.2,1.9,50,33.3
20170606,19.4,2.5,70,60
20170607,17.6,2.4,270,91.4
20170608,20.1,2.8,270,67.3
20170609,21.2,3.3,230,69.8
20170610,21.5,2.3,270,46.8
20170611,22.8,2.2,20,33.8
20170612,22.1,2.8,70,45.5
20170613,21.5,2.4,270,63
20170614,21.8,2.8,270,63
20170615,23.1,2.5,230,62.4
20170616,25.5,2.2,90,55.8
20170617,24.2,2.4,290,52.3
20170618,24.3,2.3,270,52
20170619,24.8,1.8,270,50.9
20170620,26,2.1,270,43.4
20170621,25.4,2.9,270,52.6
20170622,25.3,2.5,290,57.3
20170623,26.7,2,270,53
20170624,24.5,1.2,290,60.4
20170625,23.8,1.5,50,75.4
20170626,23.1,2.2,70,76.9
20170627,25.2,2.2,270,67.5
20170628,26,2.1,270,63.5
20170629,26.2,2.2,270,64.8
20170630,25.9,2.2,270,65.9
20170701,25.3,2,290,73.6
20170702,24.3,2.5,230,90.5
20170703,24.7,3.5,230,87.6
20170704,26.7,2,270,74.5
20170705,27.4,1.5,270,66.9
20170706,27.6,1.7,50,72.3
20170707,26.4,2,110,80.8
20170708,26,2.6,200,83.3
20170709,26.3,1,70,88
20170710,24,2.3,200,96.5
20170711,26,2.1,200,81.4
20170712,27.1,2.3,270,75.9
20170713,27.6,1.5,270,71
20170714,28.7,2.1,270,68.4
20170715,25,2.2,230,89
20170716,26.2,1.4,230,83.4
20170717,26.8,2,200,77.3
20170718,26.5,1.6,270,80.6
20170719,28.3,1.8,270,71.4
20170720,29.9,2.2,200,66.1
20170721,29.8,2.5,230,73.1
20170722,29.3,2.3,230,75.8
20170723,27,2.1,200,89.5
20170724,26.2,1.2,250,82.3
20170725,29.4,1.9,50,64.1
20170726,28.7,2.7,70,55.6
20170727,27.1,1.9,110,62.5
20170728,25.5,1.5,70,92.1
20170729,27.2,2.3,70,72.3
20170730,27.9,1.9,290,64.4
20170731,25.7,1.4,50,82.3
20170801,28.6,1.7,50,73
20170802,30,1.3,50,71.9
20170803,30.2,2.2,110,60.6
20170804,30.3,2.1,70,60.1
20170805,31.4,1.9,70,63
20170806,29.8,1.9,70,71.9
20170807,29.2,2.4,270,68.1
20170808,28.2,1.9,290,67.1
20170809,27.6,2.3,70,66.4
20170810,24.8,2,50,89.9
20170811,27,2.3,50,72.5
20170812,27.8,2.1,70,60.3
20170813,26.3,2.8,70,62.1
20170814,24.6,3.6,70,67.5
20170815,21.9,3.6,70,93.8
20170816,23.3,3.7,70,80.5
20170817,24.8,2.1,70,77.1
20170818,26.3,1.3,50,75.6
20170819,26.1,2,70,75.8
20170820,23.2,2.9,70,95.6
20170821,25.8,2.4,230,81.5
20170822,27.3,1.9,290,70.6
20170823,27.2,2.6,230,84.1
20170824,26.5,4,230,85.3
20170825,25.3,1.7,270,61.9
20170826,24.2,2,270,54.5
20170827,22.7,1.4,50,62
20170828,21.5,1.5,50,73.1
20170829,19.5,3.2,320,51.4
20170830,19.8,1.5,270,55.8
20170831,22.2,1.6,50,62.4
20170901,23.3,2.2,70,56
20170902,23.8,1.8,50,59
20170903,23.7,1.6,50,64
20170904,24.6,1.6,50,53.8
20170905,21.9,1.7,50,62.4
20170906,20.6,1.2,290,75.5
20170907,22.4,1.4,290,73.3
20170908,24.3,1.7,290,67.5
20170909,23.8,1.4,20,70.1
20170910,23,1.4,70,74.3
20170911,21.2,1.7,50,79.8
20170912,22.1,1.9,290,58.6
20170913,21.4,1.9,290,49.3
20170914,22.4,1.7,50,48.8
20170915,22.6,3.6,70,48.4
20170916,22,3.6,70,50.9
20170917,23.1,2.7,50,51.3
20170918,21.9,2.1,270,62.8
20170919,22.6,3,230,79.1
20170920,19.5,2.4,270,48.9
20170921,20.3,1.6,50,57.3
20170922,20.6,2.1,50,60.8
20170923,21.8,1.6,50,69.8
20170924,22.4,2,70,71.5
20170925,23.4,1.4,70,58
20170926,25.1,1.9,70,57
20170927,22.7,1.7,340,66.4
20170928,19.2,2.8,270,49.1
20170929,17.4,2.2,230,39.3
20170930,20,1.5,20,64.9
20171001,18.2,2.3,70,74.8
20171002,22,2.3,70,62.3
20171003,17.6,2.3,290,49.8
20171004,16.7,1.8,270,48.5
20171005,18.7,2.1,70,56.4
20171006,18.9,2.3,70,66.4
20171007,21.9,1.2,50,67.6
20171008,23,1.4,50,66.9
20171009,22.5,1.5,270,66
20171010,21.4,1.3,20,76.9
20171011,15.5,2.9,270,77.1
20171012,11.4,2,270,71
20171013,12.8,3.2,290,51
20171014,14.4,2.5,280,42.8
20171015,15.8,1.7,70,42.5
20171016,16.6,1.7,290,47.6
20171017,16.2,1.3,20,47.1
20171018,16.5,2.4,70,58.8
20171019,17,1.8,50,58.3
20171020,17,1.5,50,58.6
20171021,17.6,1.3,20,52.8
20171022,16.3,3.1,70,50.4
20171023,13.7,1.4,20,47
20171024,14.4,1.9,290,54.3
20171025,14.4,1.5,290,59
20171026,14.5,1.2,20,56.5
20171027,16.9,1.2,270,54.4
20171028,17.2,2,50,51.9
20171029,11.5,3.3,290,45.6
20171030,7.7,2.4,290,27.4
20171031,10.4,1.8,270,54.3
20171101,14.4,2.1,200,72.4
20171102,15.5,1.6,200,78.8
20171103,12.3,3.2,270,66
20171104,7.8,2.5,290,47.9
20171105,8.4,1.5,270,52.5
20171106,11.4,1.5,20,64.5
20171107,14.4,1.5,50,61.4
20171108,13.1,3,270,53.3
20171109,9.4,1.2,50,39.6
20171110,9.8,3,50,56.3
20171111,5.9,2.2,270,42.9
20171112,5.3,1.4,270,57.1
20171113,8.4,1.9,50,64.4
20171114,7.5,2.4,290,42.5
20171115,3.2,2.8,320,38.3
20171116,1,1.5,20,30.3
20171117,3,2.2,50,39.4
20171118,-2.1,3.4,290,38.5
20171119,-1.6,2.2,270,37.8
20171120,-0.4,1.4,270,55.3
20171121,1.3,1.4,50,55.6
20171122,4.3,2.4,50,54.8
20171123,0.9,2.1,270,49.3
20171124,-0.4,1.8,290,62.5
20171125,3,1.8,70,77.6
20171126,3.3,1.8,320,71.6
20171127,2.5,1.3,50,53
20171128,6.4,1.1,20,64.1
20171129,3.2,2.8,290,48.3
20171130,-2.4,3.3,290,26.8
20171201,-2.2,1.6,270,49.4
20171202,1.9,1.7,50,59.9
20171203,4.9,1.5,50,83.1
20171204,-1.2,3.4,290,48.1
20171205,-4.2,2.8,290,40.1
20171206,0.2,2.1,290,72.6
20171207,0.7,1.7,290,64.5
20171208,-3.8,1.8,290,41.3
20171209,-0.5,1,20,46.1
20171210,1.1,2,90,67.9
20171211,-7,3.5,290,40.5
20171212,-9.4,2.1,320,41.9
20171213,-8.7,1.7,290,42
20171214,-6.6,0.9,360,42.9
20171215,-3,1,360,52.6
20171216,-5.7,3,290,43.1
20171217,-6.7,1.9,290,38.1
20171218,-1.6,1.2,20,80
20171219,-3.9,2.1,290,49.4
20171220,-3.9,1.1,90,68
20171221,-0.9,1.2,290,71.4
20171222,3.4,1.1,20,66.6
20171223,6.1,1.1,200,75.8
20171224,2.9,1.9,290,82
20171225,-2.1,2.8,290,43.1
20171226,-3.8,2.9,290,41.8
20171227,-6.9,1.9,290,31.4
20171228,-2.1,1.3,290,47
20171229,2.1,1.1,290,67
20171230,1.4,0.9,290,79.5
20171231,-0.3,2.3,290,54.4
20180101,-1.3,1.4,290,39.1
20180102,-1.8,1.8,290,42
20180103,-4.7,2.2,290,42.3
20180104,-4.7,1.4,290,43
20180105,-3,1.7,290,48.4
20180106,-2.8,1.5,290,45.8
20180107,-0.8,0.8,90,42.1
20180108,1.3,1.8,270,51.9
20180109,-4.2,2.9,290,59.4
20180110,-7.5,3,290,52
20180111,-11.1,2.8,290,49.8
20180112,-10.2,1.7,290,35.4
20180113,-4.4,0.8,50,67.3
20180114,0.6,1.2,90,64.1
20180115,4.7,1.4,290,63.9
20180116,3.5,0.7,20,59.1
20180117,4.5,1.2,290,64.1
20180118,2.1,1.9,290,59.6
20180119,1,1.6,290,43
20180120,2.2,1.6,270,57.6
20180121,0.4,1,290,36.6
20180122,0.2,1.5,290,56.5
20180123,-11.7,3.7,290,42
20180124,-14.2,3.4,290,31.6
20180125,-14,2.8,340,32.6
20180126,-14.8,2.6,320,34.9
20180127,-9.9,1.4,270,37.4
20180128,-6.3,2.6,290,36
20180129,-8.5,2.7,270,35
20180130,-5.3,1.3,200,62
20180131,-2.6,1.6,290,54.5
20180201,-4,1.6,290,44.1
20180202,-2.4,1.6,290,51.1
20180203,-7.3,3.8,290,47
20180204,-9.5,3.1,290,40.9
20180205,-9.4,3,290,37.8
20180206,-10.1,3.1,290,36.5
20180207,-8,1.5,290,39.8
20180208,-4.4,1.2,20,43.3
20180209,0.4,1.1,230,43.9
20180210,-0.5,3,290,47.4
20180211,-6.1,2.7,270,42.5
20180212,-5.8,2.7,270,40.8
20180213,-0.8,2.7,200,54.5
20180214,3.5,2.6,250,51
20180215,-0.7,2.5,290,28
20180216,-1.1,2.1,270,40.1
20180217,-3,2.9,290,25.6
20180218,-0.4,1.3,270,26.9
20180219,1.8,1.5,290,48.6
20180220,0.9,2.5,290,41
20180221,-0.9,2.3,290,31.5
20180222,1.3,2.2,230,59
20180223,4.2,1.9,230,81.1
20180224,2.4,2.1,290,49.4
20180225,1.9,1.7,290,40.6
20180226,3.1,1.4,290,43.1
20180227,4.2,0.9,90,48.8
20180228,4.6,2,90,73.3
20180301,-0.2,3.8,290,61.9
20180302,-0.7,1.5,290,34
20180303,7.9,1.5,270,38.1
20180304,9.8,1.2,90,89.1
20180305,5.5,2,50,67.5
20180306,4.5,1.6,20,46.8
20180307,6.4,1.8,90,54
20180308,4.6,1.9,320,76
20180309,4.5,1.5,290,63.3
20180310,4.6,2,290,65.8
20180311,6.4,2,290,51.3
20180312,8,1.4,290,45.8
20180313,12.4,1.8,230,60.5
20180314,17,2.3,230,58.8
20180315,12.4,2.1,270,92.1
20180316,7.1,1.9,90,46.9
20180317,6.6,1.5,270,48
20180318,8.2,1.2,290,55.9
20180319,8,2.5,90,64.5
20180320,4.7,3.4,90,39.9
20180321,2.1,1.7,20,64.1
20180322,4.9,2.2,270,61.5
20180323,6.1,2,270,55.3
20180324,7.6,2.1,270,61.9
20180325,9.6,1.7,290,65.6
20180326,11,1.9,290,64.5
20180327,13.3,1.6,250,61.1
20180328,14,2.2,250,66.4
20180329,15.4,1.6,270,66.3
20180330,14.8,1.7,90,55.6
20180331,14,1.9,270,52.9
20180401,15.6,1.5,200,68.8
20180402,18.4,1.9,230,64
20180403,17.8,2.1,230,72.9
20180404,13.4,1.9,90,67
20180405,7.6,2,90,90.6
20180406,5.8,3.1,270,71.6
20180407,4.2,4.1,270,45.5
20180408,3.9,1.8,90,59.6
20180409,7.9,1.1,20,57.9
20180410,15.1,3.5,200,51
20180411,12.6,3,270,49.4
20180412,13.3,2.6,320,30.5
20180413,14.6,1.3,110,22.9
20180414,9,1.8,290,78.8
20180415,9.5,2.4,270,65.5
20180416,11.6,1.6,270,41.9
20180417,12.9,1.9,290,37.9
20180418,12.4,1.9,290,35.4
20180419,14,1.9,290,38.8
20180420,18.4,1.3,20,46
20180421,18.7,1.9,270,32
20180422,15.5,1.1,110,57.4
20180423,9.3,2.2,110,93.9
20180424,12.1,1.4,110,63.3
20180425,14.6,1.5,290,37.8
20180426,14.9,2.1,290,51.9
20180427,15.7,1.7,290,52.9
20180428,15.4,2,290,49
20180429,16.2,1.9,290,43.1
20180430,19.2,1.6,290,61.6
20180501,20.4,1.5,320,72.8
20180502,15.1,1.9,70,90.4
20180503,11.2,2.7,290,62.4
20180504,14.1,2.7,270,45.5
20180505,18.3,2.6,230,46.8
20180506,16.6,1.1,90,86.4
20180507,19.2,1.2,290,60.3
20180508,17.5,1.7,110,50.9
20180509,15.7,1.7,90,50.4
20180510,15.4,2.3,270,67.4
20180511,16.1,1.8,290,59.8
20180512,14.2,0.9,50,89.3
20180513,15.8,1.9,270,82.5
20180514,18.2,1.4,270,71.4
20180515,23.2,1.1,230,56.4
20180516,22.3,1.9,200,93.8
20180517,20.9,1.4,270,97
20180518,16.3,1.3,70,86.8
20180519,17.6,1.5,90,47.5
20180520,17,1.4,90,32.1
20180521,17.8,1.4,110,43.9
20180522,18.1,1.1,290,75.5
20180523,17.3,2.5,320,57.1
20180524,18.3,2.2,230,47.4
20180525,19.7,1.8,290,47.4
20180526,21.8,1.4,290,50.1
20180527,20.3,1.7,320,47.4
20180528,22.3,1.6,270,49.8
20180529,21.4,1.8,290,69.3
20180530,20.2,1.9,270,69.8
20180531,20.9,1.9,290,58.9
20180601,23.8,1.9,290,50.4
20180602,23.4,2,270,44.5
20180603,24,1.6,270,39.4
20180604,22.6,1.9,290,50.1
20180605,23.7,1.7,290,52.5
20180606,23,2,270,62.9
20180607,22.2,2,270,69.3
20180608,21.9,2.1,290,68
20180609,23.7,1.4,90,60.6
20180610,21.3,1.4,90,59.9
20180611,20.2,1.4,70,67.3
20180612,21.3,1.7,290,65.5
20180613,22,1.5,50,64
20180614,21.6,1.1,90,74.9
20180615,21.7,1.4,90,60.8
20180616,22.5,1.4,290,56.4
20180617,22.8,1.3,270,66.9
20180618,24.8,1.5,290,54.9
20180619,22.4,1.8,250,61.3
20180620,22.7,2.3,290,68.1
20180621,23.7,2.2,290,60.1
20180622,25,1.8,290,45.1
20180623,24.5,2,270,50.6
20180624,25.2,1.9,270,62.8
20180625,27.1,1.2,290,57.1
20180626,22.3,2.4,230,88.3
20180627,22.3,2,250,81.9
20180628,23.3,1.1,180,85.1
20180629,24.7,1.5,270,78.5
20180630,24.4,0.9,50,83.8
20180701,21.9,0.8,110,94.6
20180702,22.6,0.7,50,95.4
20180703,27.4,0.8,70,74.4
20180704,27.3,1.7,290,69.6
20180705,25.3,1.2,90,72.8
20180706,23.9,1.8,90,57.8
20180707,23.7,1.6,90,51.4
20180708,23.3,1.5,90,51.5
20180709,20.8,1.1,90,82.3
20180710,23.7,0.7,110,87.8
20180711,26.8,1.3,50,82.9
20180712,26.6,1.5,290,82.4
20180713,27.3,1.8,290,74.8
20180714,27.9,1.9,290,69.6
20180715,28.3,1.6,290,69.6
20180716,28.7,1.7,290,64.3
20180717,28.1,1.7,290,66.5
20180718,28.2,1.6,290,64.8
20180719,28.7,1.6,290,64.1
20180720,29.5,1.5,290,62.6
20180721,30.6,1.5,290,53.6
20180722,31.8,1.4,270,49.6
20180723,31.7,1.8,290,53.8
20180724,31.4,1.6,290,59.5
20180725,30.1,2.4,230,66.3
20180726,30.1,1.5,290,68.8
20180727,30.9,1.9,290,69.3
20180728,29.5,1.2,270,77.1
20180729,31.3,1.2,50,52.4
20180730,31.7,1.2,70,50.9
20180731,32.6,1.5,90,50.5
20180801,33.6,1.7,270,55.5
20180802,33.7,1.6,290,54.4
20180803,33.1,1.9,270,55.3
20180804,31.1,2.4,270,60.6
20180805,30,2.6,270,71.8
20180806,30.5,1.6,290,71.6
20180807,30.5,1.5,90,63.4
20180808,31,2.1,290,64.8
20180809,28.8,1.5,290,76.3
20180810,30.7,1.4,340,60.9
20180811,31,1.5,110,55.8
20180812,30.6,1.5,160,61.3
20180813,30.5,1.4,50,68.6
20180814,31.7,1.3,290,58.3
20180815,31.7,1.2,70,59.5
20180816,29.9,1.7,90,51
20180817,27.2,1.8,110,39.8
20180818,26.7,1.4,110,44.6
20180819,28.2,1.2,20,50.6
20180820,29.1,2,140,55.6
20180821,26.6,2.5,290,71.4
20180822,30.7,1.1,110,54.1
20180823,29.4,1.7,70,59.1
20180824,24.4,2.5,290,86.3
20180825,25.2,2.6,200,68
20180826,23.2,1.2,50,70
20180827,22.7,0.8,70,91
20180828,23.7,0.9,90,92.4
20180829,25.2,2.4,200,86
20180830,25.3,1.8,290,80.9
20180831,25.6,1.6,290,67.4
20180901,25.5,1.3,70,59.4
20180902,25.1,1.5,90,55.8
20180903,23.3,1,70,85.3
20180904,23.2,2.2,290,69.4
20180905,24,2.5,270,63.5
20180906,24.1,2,200,69.9
20180907,22,2.5,290,54.6
20180908,21.7,1.7,290,48.8
20180909,22.2,1.2,70,49
20180910,22.9,1.6,90,49.5
20180911,21.6,1.5,70,48.1
20180912,22.8,1.4,70,52
20180913,23.5,1.2,70,63.5
20180914,23.5,1.3,70,66.9
20180915,23.3,1,70,76
20180916,22.2,1.7,270,83.6
20180917,22.3,1.9,290,64.3
20180918,22,1.2,290,59.8
20180919,22.1,1,50,59.1
20180920,19,1.8,90,82.4
20180921,19.4,1.3,90,85.8
20180922,20.8,1.8,270,62.3
20180923,19.4,1.6,270,52.9
20180924,17.6,2.1,320,48.3
20180925,17.8,1.1,20,48
20180926,19.4,1.7,90,47.9
20180927,18.9,1.3,70,47.6
20180928,17.5,1.2,70,58.1
20180929,20.2,1,70,55.5
20180930,17.6,2.3,270,52.5
20181001,15.4,2.9,270,55.1
20181002,15.9,1.6,290,61.4
20181003,17.3,1.3,290,58
20181004,19.3,1.3,70,56.5
20181005,16.9,1.7,70,84.1
20181006,18,2.2,90,84
20181007,16.4,1.7,290,53.5
20181008,14.8,1.1,20,47
20181009,15.3,1.1,70,52.5
20181010,12,2.5,290,61
20181011,9.7,2.1,320,51
20181012,10.9,1.3,290,54
20181013,12.5,1,50,54
20181014,13.2,1.5,290,60
20181015,15.2,1.4,320,69.9
20181016,14.5,1.3,290,55.9
20181017,12.4,1.3,290,53.3
20181018,12.7,1.1,50,59.5
20181019,13.1,1.4,270,54.3
20181020,13.4,1.2,270,53.9
20181021,13.4,1.1,270,49.5
20181022,14,1,20,50
20181023,12.2,1.1,50,75.1
20181024,12.5,1.3,290,66
20181025,13.8,0.9,50,55.5
20181026,12.2,1.6,270,74.1
20181027,8.7,3.2,270,49.6
20181028,8.3,1.5,70,77.1
20181029,7.2,2,290,57.3
20181030,6.1,1.6,270,51.3
20181031,7.4,1.6,290,55.4
20181101,8.4,1.3,290,53.4
20181102,10.6,1.1,20,54.9
20181103,11.2,1.3,20,56
20181104,11.6,1.3,270,55
20181105,11.9,1.1,270,65.5
20181106,12.2,0.9,270,70.5
20181107,12.8,1.1,70,79.5
20181108,11.8,1.8,90,93.8
20181109,12.1,3.1,270,69
20181110,11.9,1.4,290,69.1
20181111,8.1,1.1,50,67.6
20181112,8.1,1.2,320,52.3
20181113,8.8,1.1,290,51.6
20181114,9.8,1.1,320,55.5
20181115,9.7,1,20,55.4
20181116,8.8,1.7,290,65.1
20181117,4.9,1.4,290,50.8
20181118,6.1,1.1,270,48.8
20181119,6.5,1.4,20,50.4
20181120,6.5,1.8,200,39.9
20181121,5.8,1.2,340,57.1
20181122,2.3,2.4,270,35
20181123,1.9,1.4,290,29.6
20181124,2.6,1.8,70,71.1
20181125,4.8,1,20,77.8
20181126,6.3,1,20,70.1
20181127,7.1,1.5,70,65
20181128,5,1.6,290,27.1
20181129,3.5,1.3,290,41.4
20181130,2.7,1.4,270,46.1
20181201,5.5,1,20,42.3
20181202,8.2,1.3,90,50.1
20181203,11.5,1.4,90,87.4
20181204,6.7,2.7,290,74.9
20181205,0,1.5,290,39.5
20181206,2.4,2.3,270,50.5
20181207,-7.3,3.8,290,37.1
20181208,-8.3,2.6,340,37.1
20181209,-7.2,1.5,290,27
20181210,-2.5,0.9,50,33.3
20181211,0.2,1.2,20,44.8
20181212,-1.9,2.2,290,39
20181213,-2.2,2,320,57.4
20181214,-4.4,1.7,290,44.3
20181215,-2.4,1,20,46.8
20181216,0,0.9,50,63.8
20181217,1.6,1.8,290,60.1
20181218,2.6,1.4,230,56.3
20181219,4,1.4,290,53.4
20181220,3.4,0.9,20,45.5
20181221,5.6,1.1,70,40.1
20181222,6.9,1.5,290,48.9
20181223,2.4,2.9,290,43
20181224,-2.3,1.6,290,35.9
20181225,0.6,1.2,50,53.4
20181226,-1.5,2.8,290,40.8
20181227,-10.1,3.5,290,28.3
20181228,-10.5,2.5,290,33
20181229,-7.6,2.9,290,29
20181230,-6.8,1.2,290,35.9
20181231,-5.4,1.2,290,39.6
20190101,-5,2.1,290,49.5
20190102,-4.9,1.7,270,42.8
20190103,-3.5,1.4,290,38.8
20190104,-1.1,1.2,20,55.5
20190105,-2.8,2.2,290,40.3
20190106,-2.8,1.2,290,35
20190107,-1.9,1.4,290,46.4
20190108,-3.5,2.6,290,31
20190109,-4.7,1.3,50,28.8
20190110,-0.6,1.3,290,48.8
20190111,2.4,1,20,58.8
20190112,2.8,1.3,290,47.6
20190113,1.2,1.4,270,54.3
20190114,1.4,0.9,290,68.6
20190115,-1.7,2.7,290,58.8
20190116,-5.2,2.3,270,45.9
20190117,-0.3,1.7,290,45.8
20190118,0.6,1.3,290,44
20190119,3.6,1.2,50,59.8
20190120,-1.4,3.2,290,38.5
20190121,-1.2,1.6,270,57.8
20190122,1.7,1.7,20,62
20190123,2,2.3,270,48.9
20190124,0.1,1.7,270,34.9
20190125,-1.2,2.6,290,27.6
20190126,-2.5,2.4,320,30.9
20190127,-0.1,1.7,230,52.5
20190128,1.2,3.1,290,40.4
20190129,-0.2,1.5,290,35.5
20190130,1.8,1.5,290,54.6
20190131,-2,2.9,290,29
20190201,-2.1,1.7,270,47.6
20190202,1.4,1,70,60
20190203,3.3,1.7,90,92.9
20190204,-0.6,2.1,290,40.4
20190205,2.8,1,50,37.1
20190206,5.1,1.3,20,54.9
20190207,-2.1,3.5,290,45.5
20190208,-6.1,2.3,290,31.5
20190209,-5.4,2.7,320,30
20190210,-5,1.7,290,31.3
20190211,-3,2.3,270,34.9
20190212,-0.6,1.9,290,35.5
20190213,-2.1,2.4,290,26.6
20190214,-0.5,1.4,250,24.3
20190215,-0.8,1.9,290,72.8
20190216,-2.7,2.6,320,59
20190217,-1.8,1.9,270,47.4
20190218,0.9,1.3,290,43.5
20190219,1.4,1.4,70,80.8
20190220,1.7,2.1,270,67.8
20190221,2.4,1.5,270,59.4
20190222,4,1.5,200,56.1
20190223,6.8,1.1,20,41
20190224,6.3,1.8,290,45
20190225,4.7,2.3,290,55.8
20190226,5.2,1.6,270,32.8
20190227,7.8,1.6,290,31.3
20190228,6.6,2,290,39.5
20190301,6.6,2.1,290,42.3
20190302,7.8,1.1,290,37.6
20190303,9.4,1.5,20,36.4
20190304,9.9,1.9,270,46.1
20190305,8.4,2,250,66.3
20190306,8.4,2,290,55
20190307,7,2.2,270,51.1
20190308,6.1,1.9,290,39.4
20190309,7.2,1.3,290,31.8
20190310,10.1,1.2,50,26.4
20190311,6.6,1.8,230,61
20190312,3.9,2.7,270,55.1
20190313,3.5,3.3,270,38.5
20190314,5,1.9,200,45.3
20190315,5.5,1.6,270,72.8
20190316,4.3,1.8,290,69.9
20190317,6.3,2,290,55.4
20190318,7.1,1.4,270,43.8
20190319,10,1.4,20,52
20190320,10.3,1.4,90,79
20190321,7.1,2.9,270,77.4
20190322,3.3,2.8,290,40.9
20190323,3.3,2.4,320,46.9
20190324,4.3,2.3,230,45.4
20190325,7.3,2,230,56.1
20190326,11.4,2,270,51.1
20190327,11.6,3,200,66.4
20190328,9.4,2.6,270,49.9
20190329,9.2,2.1,320,33.1
20190330,5.2,2.9,270,72
20190331,4.4,3.2,290,46
20190401,5.5,2.5,270,39.8
20190402,6.7,2.2,290,36.9
20190403,7.6,2.3,290,36.1
20190404,9.2,2.5,270,43
20190405,11.4,2.9,230,41
20190406,9.3,1.1,50,39.9
20190407,12.6,1.7,290,43.1
20190408,11.6,2.5,290,25.6
20190409,9.2,2.4,70,49.1
20190410,7.1,1.8,90,78.4
20190411,9.5,1.9,290,58
20190412,11.4,2.2,290,48.5
20190413,11.8,1.8,270,34
20190414,9.6,2.2,270,45.5
20190415,11.6,1.8,270,30.9
20190416,14.9,1.6,290,26.3
20190417,15.3,1.9,270,37.5
20190418,12.6,2,270,74.4
20190419,13.8,1.6,70,57.5
20190420,14.3,1.9,290,66.9
20190421,14.8,1.9,290,77.8
20190422,19.3,1.4,270,50.6
20190423,20.4,1.3,270,52
20190424,19.5,1.6,290,70.4
20190425,13.2,2,70,75.9
20190426,8.4,1.5,20,82.1
20190427,11.6,1.7,290,52.6
20190428,12.9,1.6,290,48.8
20190429,13,0.9,50,52.9
20190430,15.5,1.6,270,52.8
20190501,16.4,2.3,270,48.9
20190502,17.1,2.3,290,28.5
20190503,17.9,1.6,290,37.5
20190504,19.5,1.7,290,40.4
20190505,19.2,2.2,270,35.8
20190506,14.5,3.1,290,27.1
20190507,15,2.3,250,33.4
20190508,15.6,2.3,200,48.3
20190509,16.6,2.2,270,43.3
20190510,17.8,1.9,270,48
20190511,20.3,1.8,290,39
20190512,21.6,1.5,270,36
20190513,18.7,1.6,290,43.4
20190514,19.6,1.6,270,44.5
20190515,20.7,1.7,290,48.1
20190516,23.5,1.5,270,43.8
20190517,23.6,1.2,70,44.9
20190518,22.8,2.1,110,46.8
20190519,19.4,1.2,70,93
20190520,16.4,3.4,270,63.6
20190521,17.2,2.9,200,52
20190522,19.5,2.4,230,46
20190523,22.1,1.7,270,45
20190524,24.2,1.7,290,46.4
20190525,23.4,1.6,200,45.6
20190526,24.5,1.8,270,39
20190527,17.8,2.4,140,80.9
20190528,18.1,2.6,270,45.9
20190529,20.3,2,290,48.4
20190530,19.6,2.4,200,48
20190531,19.1,2.8,290,49.6
20190601,18.9,1.9,270,60.5
20190602,21.1,1.7,290,42.1
20190603,23.1,1.8,160,42.9
20190604,22.6,2.2,290,56.4
20190605,23,1.8,270,63.8
20190606,21.2,1.2,90,75.9
20190607,20,1.9,50,77.3
20190608,21.9,1.4,50,57.5
20190609,21.6,1.8,290,66.1
20190610,18.4,1.6,70,70.3
20190611,20.5,1.4,50,51.1
20190612,21.5,1.8,290,57.1
20190613,23,1.7,290,51.9
20190614,23,1.8,290,54.8
20190615,21.9,2.4,290,61.5
20190616,22,1.6,50,55.4
20190617,21.7,2.3,290,59.1
20190618,20.8,1.5,250,78.6
20190619,21.4,1.9,270,77.8
20190620,22.7,1.9,270,70.6
20190621,22.1,1.7,290,72.9
20190622,24.2,1.5,70,42.3
20190623,25,1.8,50,40.4
20190624,25.2,2,270,46.9
20190625,25.6,1.6,290,49.1
20190626,25.5,1.3,50,52.6
20190627,25.5,1.4,50,70.5
20190628,24.7,1.7,290,67.3
20190629,23.1,1.2,50,72
20190630,23.9,2.3,200,73.5
20190701,23.9,2.3,270,64.4
20190702,24.4,2.3,270,63.5
20190703,24.1,1.7,290,64.6
20190704,25.4,1.9,290,59.6
20190705,27.6,1.5,20,42.1
20190706,29.7,1.7,90,40.9
20190707,26.7,2.2,90,43.3
20190708,25.1,2,70,46.6
20190709,25,1.8,90,46.4
20190710,22.7,2,70,64.1
20190711,21.9,1.3,50,76.9
20190712,23.6,2,290,65.5
20190713,24.9,1.7,290,67.3
20190714,25.9,1.6,290,64.6
20190715,23.8,1.1,50,80
20190716,24.7,1.3,50,79
20190717,25.6,1.2,270,73.9
20190718,26.9,1.2,290,65
20190719,28.6,1.5,90,61.3
20190720,28,2.1,90,66.9
20190721,25.1,2.2,230,87.1
20190722,26.7,2.2,200,74.6
20190723,28.1,1.7,230,70.8
20190724,26.5,1.6,200,82.3
20190725,26.3,1.2,200,90.1
20190726,25.1,1.7,200,95.3
20190727,28.4,1.3,140,76.6
20190728,26.1,2.2,200,88.3
20190729,27.5,2.6,200,74.5
20190730,28.1,3.4,200,75.3
20190731,25.8,2.2,200,91.1
20190801,26.3,1.7,270,86.4
20190802,28.4,1.2,270,74.6
20190803,29.4,1.3,50,69
20190804,28.3,1.2,50,75.9
20190805,30.5,1.1,340,65.5
20190806,31.6,1.5,70,51.4
20190807,26.9,1.2,290,78.1
20190808,28.9,1.6,290,71.4
20190809,29.8,1.3,290,69
20190810,31.5,1.5,90,57.9
20190811,30.4,2.5,90,53.6
20190812,26.6,1.3,70,91.8
20190813,29.2,1.5,270,76.9
20190814,30.4,1.5,70,63.9
20190815,25.9,1.3,50,82
20190816,25.9,2.2,270,74.5
20190817,25.9,2.5,270,69.5
20190818,25.6,1.7,270,66.5
20190819,26.3,1.1,50,60.6
20190820,28.2,1.5,70,56.3
20190821,27,1.2,50,67.3
20190822,26.9,1.7,270,66.5
20190823,26.2,2.1,270,58.4
20190824,24.1,1.5,270,60.9
20190825,25,1.5,50,66.6
20190826,26.4,1.2,50,63.8
20190827,25.7,1,290,71.1
20190828,26.1,1.9,270,66.2
20190829,23.4,2.2,160,77.1
20190830,22.6,2.4,200,66.3
20190831,23.5,1.9,230,65
20190901,23.7,1.4,340,64
20190902,24.4,1.6,320,56.6
20190903,24.1,2.3,360,67.6
20190904,22.8,2.5,360,89
20190905,23,2,360,91.4
20190906,25.3,2.1,360,79.8
20190907,25.7,6,360,72.9
20190908,24.7,1.9,160,76.9
20190909,25.1,1.7,340,74.3
20190910,23.8,2.4,360,93.4
20190911,24.3,3.1,360,71.4
20190912,21,2.6,360,72.3
20190913,23.3,1.7,360,60.4
20190914,22.4,1.2,320,80
20190915,24.2,1.7,340,70.4
20190916,24.5,2.1,360,53
20190917,23.5,2.1,360,41.6
20190918,21,3.1,230,46
20190919,19.5,1.9,270,46.5
20190920,19.6,2.1,360,52.8
20190921,19.6,2,360,60.3
20190922,18.6,3.8,360,63.4
20190923,20,2.2,290,51.1
20190924,19.8,1.8,230,61.3
20190925,20.9,1.4,340,64.4
20190926,22.9,1.9,340,59.3
20190927,22.9,1.9,360,57.5
20190928,23.7,1.7,230,58.9
20190929,22.6,1.7,230,60.6
20190930,22.4,1.6,230,61
20191001,23.1,1.8,320,67.1
20191002,21.6,3,360,88
20191003,22.4,2.8,340,73.4
20191004,22.4,2.1,360,71.5
20191005,18.7,2.9,360,72.6
20191006,18.1,2.9,360,53.4
20191007,14.8,1.8,360,92
20191008,14.7,2.6,250,58.8
20191009,13.6,1.7,230,48.3
20191010,15.2,1.3,320,60.9
20191011,18.8,1.9,360,60
20191012,17.9,3.5,360,49.3
20191013,17.2,1.9,360,52.6
20191014,14.4,2.5,250,56.9
20191015,14.5,1.6,360,55.6
20191016,14.6,1.6,230,58.3
20191017,15.4,1.7,360,56
20191018,17,2.4,360,58.3
20191019,17,1.8,230,63.8
20191020,16.5,1.3,320,70.3
20191021,17.1,1,320,61
20191022,18.1,1.6,70,56.1
20191023,17,2.4,70,57.3
20191024,18.3,2.7,70,47.6
20191025,16.7,2.4,70,58
20191026,10,2.5,270,60
20191027,11,1.6,290,59
20191028,12.9,2.5,200,65.9
20191029,12.5,2.3,270,61
20191030,11.2,1.6,270,60.3
20191031,14.8,2.3,230,73.8
20191101,14.9,1.8,290,57.9
20191102,13.6,1.5,290,57.3
20191103,14.7,2.1,70,57.8
20191104,13.8,2.1,70,57.8
20191105,12.4,1.6,20,65.1
20191106,11,1.8,290,63.6
20191107,9.2,2.7,320,42.8
20191108,6.8,1.9,290,31.4
20191109,9.5,1.6,290,41.4
20191110,10,2.1,70,59.6
20191111,11.2,2.4,290,71.6
20191112,9.3,1.4,20,63.6
20191113,7.2,2.8,50,72.3
20191114,1.3,2.9,290,30.6
20191115,5.6,2,70,87.4
20191116,6.8,1.6,50,81.3
20191117,8.3,3.1,70,79.4
20191118,4.6,3.9,270,59.8
20191119,0.2,2.8,290,48
20191120,0.5,1.8,290,35.5
20191121,4.2,1.9,50,37.4
20191122,9.7,2.1,70,34.1
20191123,12.1,1.8,70,52
20191124,9.8,2.2,50,74.6
20191125,1.9,2.7,290,62.1
20191126,6.6,2,290,64
20191127,3.1,2.7,320,50.8
20191128,3.5,2,290,52.4
20191129,1.5,2,290,42.8
20191130,4.1,1.7,70,42.6
20191201,4.6,1.6,50,79.4
20191202,-0.1,3.1,290,48
20191203,0.5,1.6,20,61.3
20191204,2,1.8,290,41.6
20191205,-4.4,3.2,320,31.9
20191206,-5.9,1.7,290,34.5
20191207,-2.4,1.7,50,65
20191208,-0.9,1.4,70,65.1
20191209,3.2,2.5,70,56.8
20191210,8.1,1.2,50,82.3
20191211,6.3,3.4,270,62
20191212,-0.7,1.8,290,45.4
20191213,2.1,2,50,53.6
20191214,2.7,2.3,290,58.3
20191215,5.3,2,90,52.5
20191216,7.8,1.9,70,58.9
20191217,7.7,2.3,290,81.4
20191218,0.8,2.5,270,64.6
20191219,-0.8,2.4,290,47.8
20191220,-1.1,2.3,340,45.3
20191221,-1.2,1.7,50,68.1
20191222,4.1,1.7,70,63.4
20191223,3.4,2,320,80.4
20191224,0.8,1.4,50,67.9
20191225,2,1,50,60.8
20191226,2,2.4,290,59
20191227,-1.7,2.1,340,45.4
20191228,1.1,2,70,47.6
20191229,3.8,2.9,70,52.5
20191230,2.7,2.9,320,70.3
20191231,-7.9,3.1,290,39.3
20200101,-2.2,0.6,50,64.4
20200102,1,1.2,50,65.4
20200103,-0.1,1.7,290,56.9
20200104,1.2,1.9,50,50.8
20200105,1.3,1.1,50,45.6
20200106,3.1,3.1,70,65.4
20200107,6.3,4,70,95
20200108,2.4,3.3,270,86.1
20200109,-1.2,2.3,290,65.3
20200110,-0.6,1.5,290,62.9
20200111,-0.1,1.9,290,60.9
20200112,-1,2.4,290,61.5
20200113,-2.9,2.3,290,51
20200114,-2.3,1.6,290,45.3
20200115,-2.7,1.9,270,44.8
20200116,-1.7,1.6,320,43
20200117,-0.6,1.5,290,43.9
20200118,0.3,1.8,270,48.1
20200119,1.9,2.2,270,62.8
20200120,0.7,2.5,270,46.8
20200121,-0.4,1.4,320,36.9
20200122,3,1.7,50,36
20200123,4.6,2,290,49.3
20200124,2.8,1.7,290,63
20200125,4.3,1.5,290,63.1
20200126,5.5,2.7,70,56.3
20200127,5.9,4.6,70,48.1
20200128,6.8,2.6,50,49.4
20200129,6,2.1,70,46.4
20200130,5.2,1.8,70,47
20200131,3.9,2.3,270,59.6
20200201,2.6,1.7,290,66.6
20200202,1.5,1.8,290,52.3
20200203,-0.4,3.1,270,43.6
20200204,-1.6,2.8,320,50.3
20200205,-8.3,3.3,320,37.3
20200206,-6.4,1.9,290,36.4
20200207,-1.7,2,290,45.1
20200208,-0.1,3,320,48.1
20200209,-0.5,2,270,51.1
20200210,4,1.7,290,49.4
20200211,6.8,1.6,50,37
20200212,7.4,2.2,70,73.4
20200213,6.5,1.7,290,84.8
20200214,8.1,1.2,290,70.3
20200215,9.8,2.7,70,63
20200216,-1.4,4,270,81.1
20200217,-5.9,3.4,320,64.3
20200218,-4.1,2.3,290,44
20200219,1,1.5,50,56.8
20200220,4.6,1.7,50,62.6
20200221,6.7,2.2,200,66.3
20200222,4,4,270,62
20200223,2.5,2,270,48.6
20200224,7,1.6,50,51.8
20200225,6.7,4.2,70,73.5
20200226,6.4,2.1,50,59.6
20200227,6.1,2,70,54
20200228,4.5,1.4,50,79.4
20200229,7.7,1.7,50,68.6
20200301,5.8,2,270,71.8
20200302,3.4,2.7,290,55.3
20200303,4.8,2.6,70,57
20200304,2.2,3.7,270,53.4
20200305,1.4,2.5,270,47.5
20200306,3.7,1.6,50,46.8
20200307,7,2,70,39.5
20200308,9.3,1.6,290,43.8
20200309,11.1,1.8,320,37.6
20200310,6.4,2.8,290,78.4
20200311,3.8,3.3,270,41.8
20200312,6.8,2.5,250,49.8
20200313,4.9,3.3,320,41
20200314,3.6,3,250,48.1
20200315,4,3.6,320,48.3
20200316,3.6,2.8,250,42.4
20200317,6.6,2.1,230,65.8
20200318,10,1.8,250,45.8
20200319,9.1,4.8,270,49
20200320,8.8,3.1,200,39.6
20200321,12.8,2,180,56.5
20200322,11,3,290,37.5
20200323,10.6,1.9,270,37.9
20200324,11.4,1.8,270,35
20200325,12.5,1.9,290,33.6
20200326,14.8,1.9,70,53.8
20200327,11.9,3.3,290,56.4
20200328,7.7,3.2,360,17.9
20200329,8.7,2,290,30.6
20200330,10.2,1.8,270,38.4
20200331,11.9,2,270,34.5
20200401,11.3,3.7,290,35.6
20200402,9.3,2.3,250,41.4
20200403,10,2.7,270,53.8
20200404,8.9,3.4,290,36.4
20200405,7.2,2.8,270,29.5
20200406,9.3,2.4,290,38.3
20200407,10.6,2.5,270,56.6
20200408,9.4,3.5,290,25.5
20200409,8.9,2.8,270,44.6
20200410,10.7,2.4,290,52.6
20200411,9.9,2.5,290,63.8
20200412,9.9,3.8,90,58.6
20200413,12.4,3.1,70,39.4
20200414,13,2.4,290,46.8
20200415,13.2,2.2,290,39.8
20200416,16,2.3,90,39.9
20200417,12.5,2.4,110,77.8
20200418,13.5,2.6,320,67.9
20200419,12.3,2.7,90,75.8
20200420,10,3.3,250,73
20200421,7.4,4.4,290,49
20200422,6,4,290,46.8
20200423,7.9,3.7,290,47.8
20200424,9.9,3.9,270,55.6
20200425,13.1,3.9,250,54.4
20200426,12.3,3.2,290,43.1
20200427,12.9,2.8,320,49.8
20200428,13.9,3,250,50
20200429,14.9,2.6,290,48.6
20200430,17.1,2.7,250,57.1
20200501,20.2,2.7,270,73.6
20200502,20.3,2.3,290,79.6
20200503,21.8,2,90,68.8
20200504,20.2,2.7,290,63.9
20200505,16,1.9,290,67.9
20200506,19.4,2.1,70,50
20200507,20.7,2.5,90,32.5
20200508,19.9,2.4,160,32.8
20200509,14.2,3.6,90,94.4
20200510,14.4,2.5,250,88.6
20200511,16.5,3,250,61
20200512,14.3,2.9,250,69.4
20200513,16.1,2.8,270,47.3
20200514,19.3,2,90,35.4
20200515,16.1,3,90,81.4
20200516,16.7,1.6,290,90.3
20200517,19.1,1.7,320,80.1
20200518,19.1,2.4,140,79.4
20200519,13,3.2,50,73.6
20200520,14.4,1.9,90,60.4
20200521,17.4,2.1,90,56.1
20200522,18.5,1.9,290,68.5
20200523,20.1,2.2,290,66.1
20200524,17.1,2.9,230,84.8
20200525,16.6,2.1,320,81
20200526,16.2,2.1,290,81.9
20200527,17.4,2.6,320,68.5
20200528,18.7,1.9,320,62.8
20200529,20.7,2,290,65.6
20200530,22.6,1.9,290,57.3
20200531,21.2,2.3,320,63
20200601,19.7,3.4,290,64.3
20200602,17.9,2.2,290,71
20200603,22,2.4,290,73.3
20200604,21.9,2.7,250,81.1
20200605,23,1.8,290,69.4
20200606,24.6,2,290,63.6
20200607,22.7,2.3,290,69.4
20200608,25,2.1,290,63.6
20200609,26.7,2.3,320,51.6
20200610,25.8,2,290,63.8
20200611,26.1,2.2,290,68.3
20200612,24.7,1.7,290,68.6
20200613,26.9,1.9,290,52.8
20200614,24,2.9,270,70.6
20200615,23,2.8,270,62.3
20200616,24.4,2.2,290,63
20200617,24.3,2,290,58.6
20200618,23.4,1.6,320,61.4
20200619,24.7,2.1,70,61.4
20200620,24.9,2.1,290,62.6
20200621,26.1,2,320,59.5
20200622,28.6,2,290,50.5
20200623,27.3,1.9,270,53.5
20200624,22.3,2.7,50,83.5
20200625,21.6,2.2,180,91
20200626,21.8,3.2,230,82.1
20200627,24.1,2,250,70.4
20200628,25.2,2.4,270,70.5
20200629,23.8,2.4,50,77
20200630,20.1,4,320,83
20200701,21.1,1.9,270,79.3
20200702,24.2,1.9,110,74.5
20200703,25.5,2.6,50,63.5
20200704,24.2,2.1,270,63.9
20200705,23.8,1.9,250,68.6
20200706,25.6,2.1,270,66.6
20200707,24.1,2.5,270,75.5
20200708,25.5,2,270,71.9
20200709,27.5,1.7,110,64.6
20200710,24.5,2.8,50,75
20200711,25.8,2.6,50,62.6
20200712,23.5,2.4,70,71.9
20200713,18.7,4,70,94.8
20200714,20.3,2.8,50,79.4
20200715,23.4,2,50,63.1
20200716,25,1.8,270,70.9
20200717,26,1.9,250,72
20200718,26.1,1.6,270,71.6
20200719,24,2.7,50,81.6
20200720,23.8,3.7,200,86.3
20200721,25,1.6,270,77
20200722,23.7,1.6,50,89.3
20200723,21.1,3.6,50,95.5
20200724,22.5,4.6,50,74.3
20200725,24.3,3.1,50,69.3
20200726,25.4,2,50,69.3
20200727,24.3,2.2,50,86.4
20200728,24.4,2,50,84.8
20200729,23.7,2,50,95.8
20200730,25.3,2.1,230,85.5
20200731,26.2,2,250,81.9
20200801,25.3,1.7,230,90.9
20200802,24.9,2.3,180,96.3
20200803,25,3,200,96.3
20200804,27,3.5,200,89.3
20200805,26.5,1.9,50,92.1
20200806,24.1,3.3,200,92.8
20200807,24.3,1.8,50,85.3
20200808,24.2,2.3,70,89.5
20200809,24.9,2.6,200,95.4
20200810,26.5,2,200,91.6
20200811,24.6,2.2,200,92.5
20200812,27.2,1.9,50,83.9
20200813,28,2.5,200,82.4
20200814,27.1,3.5,200,86.1
20200815,26.1,1.9,200,96
20200816,27.4,3,200,82.6
20200817,28.2,2.3,200,77.9
20200818,27.5,1.6,270,76.3
20200819,27.1,2,270,76.8
20200820,27.7,1.7,250,76
20200821,26.6,1.6,50,83.1
20200822,24.3,2.1,50,87.4
20200823,25.3,1.9,270,78.4
20200824,27.8,2.2,50,71.6
20200825,29.9,2.1,200,69.5
20200826,30.2,3.4,70,68.3
20200827,27.1,3.6,110,84.6
20200828,27.3,1.6,270,89.1
20200829,26.8,1.3,50,90.1
20200830,26.8,2.1,200,88.8
20200831,26.4,2.8,50,77.9
20200901,26.6,1.9,110,72.4
20200902,24.3,2.3,50,91.3
20200903,22.7,4.8,200,82
20200904,23.3,2.7,200,63.9
20200905,23.3,2,50,66.6
20200906,21.7,2.7,50,80
20200907,19.2,4.2,50,93.5
20200908,23.4,4.2,230,71.5
20200909,21.1,2.1,180,83.4
20200910,22.8,2,50,75.8
20200911,22.4,2.8,50,72.6
20200912,20.2,2,50,83.8
20200913,21.5,1.9,50,70.4
20200914,21.3,1.8,270,79.3
20200915,23,1.6,50,76.4
20200916,22.5,1.9,180,79.9
20200917,21.3,2.1,270,70.3
20200918,21.5,2.8,250,62
20200919,21.2,2.2,250,59.3
20200920,19.7,2,290,57.6
20200921,19.1,1.7,50,56.1
20200922,20.2,2.8,50,55.3
20200923,19.2,3.3,50,59.9
20200924,20.6,3.7,50,59.6
20200925,20.1,2.5,50,64.1
20200926,19.3,2.4,50,62.5
20200927,20.4,2,50,63.3
20200928,20.7,2,50,66
20200929,19.6,1.9,290,67.6
20200930,19.6,1.7,20,78
20201001,18.8,2.1,50,74.9
20201002,19.2,2.3,180,79.6
20201003,19.9,1.6,270,72.5
20201004,16.6,2.8,270,65.1
20201005,13.3,2.5,270,57.3
20201006,14.2,2,290,55.9
20201007,16,1.9,50,48.9
20201008,17.2,3.1,50,53
20201009,17.2,3,70,53.4
20201010,16.9,2,70,60.1
20201011,16.9,1.8,50,68.5
20201012,16.2,2.2,250,68.6
20201013,13.6,2.2,270,52.3
20201014,12.8,2.4,290,47
20201015,11.7,1.5,50,41.8
20201016,11.8,1.5,50,64.3
20201017,13.1,1.8,270,64.3
20201018,13.6,2,20,65.5
20201019,15.1,1.7,20,74.4
20201020,15.2,1.6,20,67.1
20201021,14.1,1.9,50,69.4
20201022,13.5,2.8,50,66
20201023,8.6,3,270,51.5
20201024,8.7,2.5,270,47.6
20201025,11.8,1.7,20,62.5
20201026,12.9,1.6,20,71.6
20201027,14,1.8,270,74.1
20201028,13.8,2.5,270,52.1
20201029,10.8,2,270,40.3
20201030,11.9,1.5,50,42.9
20201031,13.6,2.6,200,60.3
20201101,13.7,2.3,200,84.3
20201102,10.8,2.3,270,58.3
20201103,5.1,3.5,270,47.5
20201104,4.9,2.3,270,43.9
20201105,9.6,1.8,50,61.5
20201106,13.5,1.7,50,63.3
20201107,14.6,2.7,230,68.8
20201108,8.5,3.1,270,43.8
20201109,5.5,1.8,270,40.9
20201110,7.7,2.2,270,56.1
20201111,9.3,1.6,50,53.5
20201112,10.4,1.7,20,56.9
20201113,12.2,1.6,20,71.5
20201114,12.5,1.7,50,66.9
20201115,11.1,1.7,20,75
20201116,12.4,1.6,50,70.1
20201117,15.9,2.3,70,67.5
20201118,16.6,2.6,50,91.4
20201119,13.6,4.2,270,90.5
20201120,2.8,3.2,290,74.3
20201121,6.5,2.1,50,67.9
20201122,5.6,2.5,270,80.5
20201123,1.7,2.3,290,61.4
20201124,2.9,1.8,20,54.5
20201125,4.6,1.5,270,64.1
20201126,5.6,1.7,270,66.5
20201127,4.1,2.7,270,61.6
20201128,-0.1,2.8,290,50
20201129,-0.6,2.2,270,59.6
20201130,-0.2,1.9,270,57.8
20201201,1.1,1.9,290,44.5
20201202,2.4,1.8,270,41.4
20201203,0.7,2.7,290,47.1
20201204,-0.6,1.8,290,53.8
20201205,2.1,1.7,20,63.1
20201206,4.5,1.8,50,66.9
20201207,3.4,2.6,270,57.5
20201208,-0.5,2,320,50
20201209,1.5,1.5,50,55.1
20201210,5.8,1.7,50,69.9
20201211,5.3,1.8,270,77.1
20201212,2.3,2.1,270,51.3
20201213,-1.1,2.9,270,74.9
20201214,-7.7,3.4,290,49.1
20201215,-8.3,2.8,290,43
20201216,-8.3,2.6,290,43.9
20201217,-4.9,1.7,20,47
20201218,-2.1,3,50,57
20201219,-5.1,2.4,270,45.1
20201220,-3.7,2,270,50.4
20201221,-1,1.6,20,64.1
20201222,2,2,20,67.6
20201223,4.5,2.3,50,76.6
20201224,2.6,2.9,270,61.5
20201225,-0.8,2.1,250,51.9
20201226,2.2,1.8,20,65.8
20201227,5.8,1.8,70,62.9
20201228,6.7,1.4,50,72.1
20201229,0.1,2.9,270,70.8
20201230,-10.9,4.1,270,55.5
20201231,-8.9,2.4,270,53.9
20210101,-4.2,2,270,64
20210102,-5,2.6,270,38.5
20210103,-5.6,2,270,45
20210104,-3.5,1.7,50,51.4
20210105,-5.5,2.9,290,52.8
20210106,-7.4,2.4,270,54.6
20210107,-14.5,4.1,270,49.9
20210108,-14.9,3.3,290,44
20210109,-12.2,2.6,270,46.3
20210110,-7.7,1.3,290,54.4
20210111,-6.7,1.9,50,62.1
20210112,-3.9,1.8,50,79.5
20210113,2,2.4,50,80.3
20210114,1.7,2.3,70,46.5
20210115,4.5,3,50,67.4
20210116,-4.9,3.3,290,59.3
20210117,-5.5,2.3,270,58.5
20210118,-3.8,3.2,290,64.3
20210119,-6.3,1.8,290,37.9
20210120,-0.1,2.2,50,37.8
20210121,4.5,2.3,70,64.4
20210122,5.5,1.7,50,92.9
20210123,7.6,4.2,70,66
20210124,7.3,2.1,70,63.9
20210125,7.9,1.9,70,62
20210126,5.3,1.9,50,80.4
20210127,1.7,2.2,270,47.6
20210128,-2.6,4,270,52.3
20210129,-8.8,3.5,270,40
20210130,-1.6,2.5,50,60
20210131,3.2,2,70,57
20210201,5,2.7,50,74.5
20210202,-5.6,3.9,270,44.1
20210203,-3.2,2.2,200,64.6
20210204,-3.6,2.5,270,50.1
20210205,1.4,2.4,200,71.8
20210206,6.8,2.2,200,80.4
20210207,3.6,2.9,270,67
20210208,-3.1,3.4,290,43.6
20210209,-0.9,2,250,51.9
20210210,3.4,2.1,230,75.1
20210211,5.5,1.3,70,71.5
20210212,6.5,1.7,20,60.6
20210213,7.6,1.5,20,50.6
20210214,9.5,1.7,70,47.6
20210215,1.2,4,250,65.1
20210216,-5.1,3.2,270,57.9
20210217,-8.3,5,270,44.1
20210218,-5.8,3.1,270,44.9
20210219,1.6,2.9,200,66.9
20210220,8.8,2.1,200,60.4
20210221,10.8,2.8,50,66.6
20210222,7.8,2.9,290,58.3
20210223,0,2.9,290,34
20210224,2.9,1.8,50,33
20210225,4.2,1.4,50,35.1
20210226,8.2,2.3,50,35
20210227,9.5,3.4,90,48.6
20210228,7.8,2.1,50,49
20210301,4.7,3.5,50,91
20210302,2.3,1.9,50,75.9
20210303,4.4,1.8,20,64.4
20210304,7.2,1.9,50,62.4
20210305,9,2.1,250,70.3
20210306,6.6,3.3,50,69.5
20210307,6.2,2.8,50,62.9
20210308,7,1.8,270,60.3
20210309,6.6,2.2,250,58.5
20210310,8.8,1.8,50,61.8
20210311,10.2,1.8,270,50.8
20210312,10.5,2.2,50,57
20210313,9.2,2.2,270,62.8
20210314,9.1,2.2,250,71.4
20210315,10.6,2.4,230,68.8
20210316,8.4,3.2,290,52.5
20210317,8.8,1.8,50,44.9
20210318,11.7,1.8,50,50.1
20210319,15.3,2.2,70,47.9
20210320,9.9,2.2,110,74.6
20210321,5.8,4,270,65.9
20210322,6.2,3.2,250,55.3
20210323,9.1,2.5,200,63.5
20210324,10.8,2.4,270,61.5
20210325,11.9,2.2,270,68.5
20210326,12.6,1.4,250,58.4
20210327,12.1,2.5,70,70.9
20210328,9,3.3,200,95.8
20210329,10.2,3.3,250,62.3
20210330,10.8,2.2,270,47.3
20210331,14.5,1.8,50,41
20210401,17.7,3.5,50,33
20210402,17.8,3.2,70,35.6
20210403,14.9,3.1,50,80.8
20210404,11.9,3.2,50,65.8
20210405,11.9,2.4,20,47.9
20210406,13.9,2.5,250,50.9
20210407,14.1,2.5,250,47.5
20210408,13,2.7,270,34
20210409,13.6,2.7,50,39.3
20210410,12.6,2.6,250,50
20210411,15,1.7,20,45.4
20210412,13.8,2.4,70,70.4
20210413,10.4,3.7,270,74
20210414,8.4,2.9,270,58.5
20210415,11.6,2.1,270,62.3
20210416,11.3,2.6,200,60
20210417,9.6,2.6,230,56.6
20210418,9.9,3.2,250,64.3
20210419,12.2,2.4,200,65.3
20210420,14.8,1.9,270,55.1
20210421,19.1,1.8,270,43.1
20210422,20.9,2.5,50,37.9
20210423,19,3.2,50,41.4
20210424,18.3,2.7,50,43
20210425,18.2,2.7,50,50
20210426,16.2,2.6,110,51.8
20210427,15.4,2.3,200,62.4
20210428,14.5,2.4,200,64.1
20210429,14.6,2.3,50,54.1
20210430,11.3,2.4,200,81.8
20210501,10.2,2.7,270,80.8
20210502,12.4,3.1,270,67.9
20210503,14.1,2.1,200,56.4
20210504,13.8,2.1,50,82.6
20210505,13.9,3.5,250,64.4
20210506,15.7,2.4,50,46.4
20210507,14.4,3.4,230,60.3
20210508,14.3,3.4,250,66.1
20210509,15.7,3.5,270,51.3
20210510,13.2,1.8,50,67.9
20210511,18.5,2.7,110,48.9
20210512,22,2.2,70,39.5
20210513,22.9,1.9,250,54.4
20210514,24.1,1.7,50,60.3
20210515,22.1,1.7,50,79.5
20210516,18.4,2.5,50,97.6
20210517,15.3,1.6,50,93
20210518,17.9,1.7,270,70.5
20210519,19.9,1.8,270,52.3
20210520,18.7,2.5,50,59.8
20210521,16,1.7,290,86.5
20210522,18.6,2.5,250,69.3
20210523,19.5,1.7,270,64.4
20210524,19.4,2.7,250,61
20210525,15.3,3.2,250,72.3
20210526,18,2.9,200,58.5
20210527,15.8,2.8,200,83
20210528,15.3,2.6,250,86
20210529,15.4,2.2,50,79.8
20210530,18.4,2.1,50,73
20210531,19.9,1.8,50,78.9
20210601,20.2,2.2,50,74.6
20210602,23.2,2.1,50,64.4
20210603,19.1,1.8,270,80.8
20210604,18.5,2.9,200,69.4
20210605,20.8,3.3,200,68.1
20210606,23,2.2,200,69.6
20210607,21.1,1.7,180,71.5
20210608,23.6,1.7,50,69.6
20210609,25.8,1.6,50,59.1
20210610,24.9,2.2,50,68.5
20210611,21.5,2.8,230,84.5
20210612,24.2,1.8,270,74.6
20210613,24.8,2,250,72.6
20210614,24.8,2.1,250,68.8
20210615,22.5,2.3,50,79.1
20210616,24.3,3.6,50,59.9
20210617,21.9,2.4,50,71.4
20210618,20,2.5,200,92.1
20210619,22.3,1.8,270,74
20210620,22.9,2.8,230,73.3
20210621,23.6,2.2,270,67
20210622,22.8,2.1,50,67.9
20210623,22.4,2.4,50,70.5
20210624,23,1.9,50,71.1
20210625,24.1,2,270,69
20210626,22.8,1.8,50,78.5
20210627,24.5,2,50,72.1
20210628,23.7,1.9,50,76.4
20210629,23.9,1.8,50,78.6
20210630,24.3,1.3,20,77.9
